Site,Planting,Y,X,Crop,Genetics,id_loc,id_trial,Year,Mat,Yield_Sim,Rain_0,Rain_1,Rain_2,Rain_3,Rain_4,Rain_5,Rain_6,Radn_0,Radn_1,Radn_2,Radn_3,Radn_4,Radn_5,Radn_6,MaxT_0,MaxT_1,MaxT_2,MaxT_3,MaxT_4,MaxT_5,MaxT_6,MinT_0,MinT_1,MinT_2,MinT_3,MinT_4,MinT_5,MinT_6,NutrientStress_0,NutrientStress_1,NutrientStress_2,NutrientStress_3,NutrientStress_4,NutrientStress_5,NutrientStress_6,TempStress_0,TempStress_1,TempStress_2,TempStress_3,TempStress_4,TempStress_5,TempStress_6,WaterStress_0,WaterStress_1,WaterStress_2,WaterStress_3,WaterStress_4,WaterStress_5,WaterStress_6,Start_DOY_0,Start_DOY_1,Start_DOY_2,Start_DOY_3,Start_DOY_4,Start_DOY_5,Start_DOY_6
casselton_nd,1989-05-21,46.8973,-97.2124,soybean,0,1,1,1989,B_80,4751.664621448588,0.7892142866339003,1.9830769575559175,1.5654839084994407,2.3615384652064395,3.2384374290704727,1.543000030517578,0.44362832619025644,13.426358219555446,21.273706362797665,22.677017334968813,20.74613226377047,17.751130416989326,14.775399303436279,7.796088353722497,2.189999970634069,21.91269240012536,29.949354910081432,31.16461548438439,28.865000069141388,23.32599983215332,6.260177021137381,-10.245500031193453,7.821538439163795,14.906774320910054,15.935384750366211,13.972187504172325,10.703999948501586,-7.456548701740999,0.3,0.7038461538461538,1,1,0.9999999999999999,1,0.3,0.1988571427886051,0.9690109917095729,1,1,1,1,0.29526864487663684,1,1,1,1,1,1,1,1,141,167,198,211,243,253
casselton_nd,1991-05-21,46.8973,-97.2124,soybean,0,1,2,1991,B_80,4602.039241997166,1.081928574826036,3.2888888915379844,3.9622857213020324,2.1986666361490887,1.5823333501815795,3.291428702218192,0.796500005821387,12.755375567504338,19.745238886939156,20.041990961347306,22.766933949788413,19.269802824656168,16.879895755222865,7.825011666615804,5.564857113374663,26.31555567847358,26.80285699026925,28.746666844685873,29.2306666692098,32.82285690307617,7.238749992288649,-7.107785718515515,14.2255556318495,14.9242858341762,14.786666679382323,14.110333188374836,16.135714394705637,-4.307083351630718,0.3,0.7277777777777777,0.9999999999999999,0.9999999999999998,0.9999999999999998,1,0.3,0.20623469417534615,1,1,1,1,1,0.29206250106827136,1,1,1,1,1,1,1,1,141,159,194,209,239,246
watertown_sd,1992-05-24,44.9096,-97.1539,soybean,0,2,3,1992,B_80,1602.3527736785252,0.6715972235219346,2.9956521780594536,5.827446881760943,0.9082353044958675,1.8973469387511817,0.7448837285818056,NA,13.98687873284022,21.85293732518735,19.819272213793816,21.380486207849838,15.043990251969317,5.969682391299758,NA,7.806666660614105,22.134347791257113,22.422553163893678,24.477646995993222,21.782448943780395,1.5952325444235358,NA,-3.8731249808333814,8.717391279728517,11.74468085106383,11.708235235775218,8.32102043075221,-7.518372091009867,NA,0.3,0.6652173913043479,1,1,1,1,NA,0.2106026786985615,0.8983540329966486,0.9965197547228503,1,0.9290160336925406,0.09791112818640728,NA,1,0.9565217391304348,1,1,1,1,NA,1,145,168,215,232,281,NA
watertown_sd,1992-05-24,44.9096,-97.1539,soybean,1,2,4,1992,B_80,1602.3527736785252,0.6715972235219346,2.9956521780594536,5.827446881760943,0.9082353044958675,1.8973469387511817,0.7448837285818056,NA,13.98687873284022,21.85293732518735,19.819272213793816,21.380486207849838,15.043990251969317,5.969682391299758,NA,7.806666660614105,22.134347791257113,22.422553163893678,24.477646995993222,21.782448943780395,1.5952325444235358,NA,-3.8731249808333814,8.717391279728517,11.74468085106383,11.708235235775218,8.32102043075221,-7.518372091009867,NA,0.3,0.6652173913043479,1,1,1,1,NA,0.2106026786985615,0.8983540329966486,0.9965197547228503,1,0.9290160336925406,0.09791112818640728,NA,1,0.9565217391304348,1,1,1,1,NA,1,145,168,215,232,281,NA
casselton_nd,1992-05-20,46.8973,-97.2124,soybean,0,1,5,1992,B_80,5451.229599936851,0.6579285706792559,2.1675000290075936,5.198444427053134,2.38555547926161,3.0845833917458854,0.06391304472218388,0.7742647107909707,12.728030037879943,22.32486391067505,19.882039493984646,21.38528495364719,14.720198313395182,9.460720829341723,4.143382296842687,6.321571441593447,23.038333415985107,23.11155565049913,26.02999973297119,22.230833450953167,14.574347703353219,-2.6738235304022537,-5.323000005353242,7.94500003180777,11.343777826097277,11.584444363911947,7.888333381308864,-0.010869559062563835,-10.482867673915976,0.3,0.6791666666666666,1,1,1,1,0.3,0.19996428672148256,0.856175598616357,0.9863809525020539,1,0.9262425593499627,0.4938819918735242,0.0272478986562801,1,1,1,1,1,1,1,1,141,165,210,228,276,299
watertown_sd,1993-05-25,44.9096,-97.1539,soybean,0,2,6,1993,B_80,1475.2740182516932,1.2333333359824288,4.860769216830914,4.941666651339758,2.8842858331544057,1.4214285685091603,0.2995454560626637,0.9901470726027208,14.204361559616196,19.01150230260996,20.41154500416347,20.326527459280832,15.984932140428192,10.84749960899353,5.636175476452884,3.10090280075868,20.006153730245735,24.515238216945104,25.111428669520787,21.042449153199488,16.061363653703168,-0.1705882348503698,-7.92215275093137,9.342692292653597,13.817619028545561,13.6664286340986,8.831836750312727,1.3609090359373526,-9.72014701015809,0.3,0.65,1,1,1,1,0.3,0.20285466437630859,0.9287362704565236,1,1,0.8615233276484658,0.5339935085941832,0.011696428436191142,1,1,1,1,1,1,1,1,145,171,213,227,276,298
watertown_sd,1993-05-25,44.9096,-97.1539,soybean,1,2,7,1993,B_80,1475.2740182516932,1.2333333359824288,4.860769216830914,4.941666651339758,2.8842858331544057,1.4214285685091603,0.2995454560626637,0.9901470726027208,14.204361559616196,19.01150230260996,20.41154500416347,20.326527459280832,15.984932140428192,10.84749960899353,5.636175476452884,3.10090280075868,20.006153730245735,24.515238216945104,25.111428669520787,21.042449153199488,16.061363653703168,-0.1705882348503698,-7.92215275093137,9.342692292653597,13.817619028545561,13.6664286340986,8.831836750312727,1.3609090359373526,-9.72014701015809,0.3,0.65,1,1,1,1,0.3,0.20285466437630859,0.9287362704565236,1,1,0.8615233276484658,0.5339935085941832,0.011696428436191142,1,1,1,1,1,1,1,1,145,171,213,227,276,298
casselton_nd,1993-05-21,46.8973,-97.2124,soybean,0,1,8,1993,B_80,4889.617075018391,0.5754285799605506,5.296153827355458,7.187907027643781,0.8059999863306682,0.7677777820163303,0.18478260610414587,0.8326027348433456,13.85171549149922,19.348751068115234,19.10160721180051,20.834748713175458,16.300583945380318,11.171065143916918,5.105765421096593,2.8587856994143555,20.92923061664288,23.2297675110573,26.696666717529297,22.94111107720269,15.848695713540781,0.5783561592640942,-9.400214293532606,7.9642307208134575,12.674186096634976,14.287333297729493,8.8777778075801,-0.5782608759144079,-10.176301364365914,0.3,0.65,1,1,1,1,0.3,0.1916989802858051,0.9580906691787007,1,1,0.9273730146743002,0.4622981358111275,0.05112524601811299,1,1,1,1,1,1,1,1,141,167,210,225,270,293
watertown_sd,1994-05-25,44.9096,-97.1539,soybean,0,2,9,1994,B_80,2066.6297718077517,1.1413194470935397,2.5985000163316725,5.322631537130005,0,4.072631541051362,0.728333314259847,0.8161855757850962,14.354613105456034,22.228461360931394,19.97135272778963,22.688684582710266,16.347797469088906,14.261686007181805,7.021299786174421,3.1477777392396495,24.336499881744384,25.84815778230366,26.3006249666214,24.073420926144248,22.573333342870075,7.101340160733953,-8.434791597938682,11.000000023841858,14.644736817008571,13.528125077486038,12.712368387924997,9.800833463668823,-3.116185582598153,0.3,0.6849999999999999,1,1,1,1,0.3,0.22390128946022336,1,1,1,0.9773684220206469,0.9329166681993575,0.24503313569662014,1,1,1,1,1,1,1,1,145,165,203,219,257,269
watertown_sd,1994-05-25,44.9096,-97.1539,soybean,1,2,10,1994,B_80,2066.6297718077517,1.1413194470935397,2.5985000163316725,5.322631537130005,0,4.072631541051362,0.728333314259847,0.8161855757850962,14.354613105456034,22.228461360931394,19.97135272778963,22.688684582710266,16.347797469088906,14.261686007181805,7.021299786174421,3.1477777392396495,24.336499881744384,25.84815778230366,26.3006249666214,24.073420926144248,22.573333342870075,7.101340160733953,-8.434791597938682,11.000000023841858,14.644736817008571,13.528125077486038,12.712368387924997,9.800833463668823,-3.116185582598153,0.3,0.6849999999999999,1,1,1,1,0.3,0.22390128946022336,1,1,1,0.9773684220206469,0.9329166681993575,0.24503313569662014,1,1,1,1,1,1,1,1,145,165,203,219,257,269
casselton_nd,1994-05-21,46.8973,-97.2124,soybean,0,1,11,1994,B_80,5983.502710111017,0.8352857104369572,1.4325000166893005,6.453684309595509,0.9733333269755046,2.3423077234855065,5.568888876173231,1.3173077026238809,13.830425453186034,22.396582937240602,19.569582587794255,21.388009707132976,17.536167193681766,11.273878150516087,6.607588905554551,1.6066428240920816,25.967499923706054,25.7494737223575,27.237999979654948,25.41179490700746,25.60333357916938,7.661057675579706,-10.869571439908551,10.790000009536744,13.668421042592902,13.854000091552734,11.343333293230106,13.794444508022732,-2.8029807896281667,0.3,0.72,0.9999999999999999,0.9999999999999999,1,1,0.3,0.19671683539588916,1,1,1,0.9990567759279803,1,0.2910130484039885,1,1,1,1,1,1,1,1,141,161,199,214,253,262
watertown_sd,1995-05-25,44.9096,-97.1539,soybean,0,2,12,1995,B_80,1653.135691567054,1.5589583447823923,3.5340909388932316,2.649166670110491,3.7607692021590013,2.5703333218892417,0.7272727272727273,1.588348620255059,13.353861883282661,21.04233707081188,21.424532413482666,19.986341623159557,16.228849824269613,16.985637057911266,7.606367203073764,3.7277083235223674,22.25272698835893,27.43583345413208,27.433076858520508,27.845333353678384,23.05454531582919,5.355963346198065,-6.467569471492122,10.419090856205333,15.786388953526815,14.64615403688871,16.776666673024497,10.19636373086409,-4.374403666773247,0.3,0.6818181818181818,1,1,1,1,0.3,0.1767311513983822,0.9308928553160135,1,1,1,0.9665259626004603,0.21476736833703938,1,1,1,1,1,1,1,1,145,167,203,216,246,257
watertown_sd,1995-05-25,44.9096,-97.1539,soybean,1,2,13,1995,B_80,1653.135691567054,1.5589583447823923,3.5340909388932316,2.649166670110491,3.7607692021590013,2.5703333218892417,0.7272727272727273,1.588348620255059,13.353861883282661,21.04233707081188,21.424532413482666,19.986341623159557,16.228849824269613,16.985637057911266,7.606367203073764,3.7277083235223674,22.25272698835893,27.43583345413208,27.433076858520508,27.845333353678384,23.05454531582919,5.355963346198065,-6.467569471492122,10.419090856205333,15.786388953526815,14.64615403688871,16.776666673024497,10.19636373086409,-4.374403666773247,0.3,0.6818181818181818,1,1,1,1,0.3,0.1767311513983822,0.9308928553160135,1,1,1,0.9665259626004603,0.21476736833703938,1,1,1,1,1,1,1,1,145,167,203,216,246,257
casselton_nd,1995-05-21,46.8973,-97.2124,soybean,0,1,14,1995,B_80,4771.806362735622,1.058000004717282,1.6581817973743787,4.508787874019507,2.3466666539510093,2.319354819013707,3.1824999451637273,1.1837931028727828,13.271596264839172,22.7862998789007,19.385308959267356,21.507888666788737,18.41980860310216,15.111777007579803,7.556754841886717,2.4695000082786596,23.467727227644488,28.123333555279356,27.020000203450522,28.794193575459143,28.46999955177307,5.327068970201473,-8.361214233642178,8.955909154631875,15.937878709850889,14.568000094095867,15.082580535642562,14.68500018119812,-5.222068956635636,0.3,0.65,1,0.9999999999999999,1,1,0.3,0.15559183709865093,0.9656980517622712,1,1,1,1,0.24395627863108743,1,1,1,1,1,1,1,1,141,163,196,211,242,250
watertown_sd,1996-05-24,44.9096,-97.1539,soybean,0,2,15,1996,B_80,1364.730130939336,1.1632638913061883,2.8039130853570025,1.0955555703904893,2.575000062584877,1.360606049046372,2.1380000273386637,2.098787882111289,15.317915048864153,21.584581126337465,21.156183189815945,20.335554361343384,18.159663026983086,13.642385387420655,7.247510074365018,2.1216666702724374,22.1773913839589,26.36000002755059,26.067500114440918,26.83181837833289,19.306666755676268,1.792929287886981,-9.278749998633025,9.949130400367405,14.9375,13.850625097751617,14.030909177028771,7.43066652615865,-8.293686873420622,0.3,0.6347826086956522,1,1,1,1,0.3,0.13753720398877733,0.9106211129182614,1,1,1,0.9586904696055821,0.18920635020099633,1,1,1,1,1,1,1,1,145,168,204,220,253,268
watertown_sd,1996-05-24,44.9096,-97.1539,soybean,1,2,16,1996,B_80,1364.730130939336,1.1632638913061883,2.8039130853570025,1.0955555703904893,2.575000062584877,1.360606049046372,2.1380000273386637,2.098787882111289,15.317915048864153,21.584581126337465,21.156183189815945,20.335554361343384,18.159663026983086,13.642385387420655,7.247510074365018,2.1216666702724374,22.1773913839589,26.36000002755059,26.067500114440918,26.83181837833289,19.306666755676268,1.792929287886981,-9.278749998633025,9.949130400367405,14.9375,13.850625097751617,14.030909177028771,7.43066652615865,-8.293686873420622,0.3,0.6347826086956522,1,1,1,1,0.3,0.13753720398877733,0.9106211129182614,1,1,1,0.9586904696055821,0.18920635020099633,1,1,1,1,1,1,1,1,145,168,204,220,253,268
casselton_nd,1996-05-20,46.8973,-97.2124,soybean,0,1,17,1996,B_80,4517.66274177502,1.070499997479575,1.1017391040273334,1.956388877497779,2.817999998728434,2.83322581168144,0.3077777756585015,1.7380357139876912,14.763415368965694,24.83004843670389,21.346040434307522,19.602978452046713,18.88962262676608,14.631267865498861,7.01010814415557,-0.5986428898892233,23.7243479853091,27.445833418104385,26.56266644795736,28.911935498637536,28.377778159247505,3.0946428876902377,-11.459071426625762,8.782173923824145,13.81277781062656,13.496666781107585,13.652580538103658,13.857777648501926,-7.433125017144318,0.3,0.6652173913043478,1,1,1,1,0.3,0.10219642526413104,0.9972826057339307,1,1,1,1,0.26468112472948446,1,1,1,1,1,1,1,1,141,164,200,215,246,255
watertown_sd,1997-05-25,44.9096,-97.1539,soybean,0,2,18,1997,B_80,1851.0412471796944,1.2818055724104245,2.2714633970725826,4.4241176703396965,1.706470573649687,2.1492307614057493,3.8585714612688338,0.2893421100942712,14.872495159506798,21.96518046681474,19.488388510311353,18.58984717200784,14.903115932758038,10.398362466267177,5.924047962615364,2.2238194168700525,24.57682928224889,27.552941154031192,23.388823677511777,24.458718104240223,19.79999988419669,2.244605272028007,-9.08597218659189,12.41219511264708,16.18470587449915,12.279411652508903,11.168205114511343,6.248571455478668,-6.844342073327617,0.3,0.4878048780487805,1,1,1,1,0.3,0.17535714231549746,0.9771428585883217,1,1,0.9684615405924591,0.7757908169712339,0.04420582731639532,1,1,1,1,1,1,1,1,145,186,220,237,276,290
watertown_sd,1997-05-25,44.9096,-97.1539,soybean,1,2,19,1997,B_80,1851.0412471796944,1.2818055724104245,2.2714633970725826,4.4241176703396965,1.706470573649687,2.1492307614057493,3.8585714612688338,0.2893421100942712,14.872495159506798,21.96518046681474,19.488388510311353,18.58984717200784,14.903115932758038,10.398362466267177,5.924047962615364,2.2238194168700525,24.57682928224889,27.552941154031192,23.388823677511777,24.458718104240223,19.79999988419669,2.244605272028007,-9.08597218659189,12.41219511264708,16.18470587449915,12.279411652508903,11.168205114511343,6.248571455478668,-6.844342073327617,0.3,0.4878048780487805,1,1,1,1,0.3,0.17535714231549746,0.9771428585883217,1,1,0.9684615405924591,0.7757908169712339,0.04420582731639532,1,1,1,1,1,1,1,1,145,186,220,237,276,290
casselton_nd,1997-05-20,46.8973,-97.2124,soybean,0,1,20,1997,B_80,5436.832721819287,1.3310791335517553,2.5195238476707824,4.067894755225432,0.43357142486742567,2.6365714056151255,1.9455555280049643,1.082018341493169,14.456699481113352,22.15006821496146,20.379049501921003,20.61459139415196,18.433414731706893,15.060036341349283,6.766562864321087,0.7074100118157246,23.955714271182107,26.815789523877594,28.06785706111363,26.516571480887276,26.531110763549805,7.586238503148523,-11.383237430933033,9.405714372793833,13.491578855012593,16.087857246398926,12.176857144492013,11.683333396911621,-2.65954125252202,0.3,0.6333333333333333,1,1,1,1,0.3,0.14875899060444575,0.9799829934324537,1,1,1,1,0.2855733940487686,1,1,1,1,1,1,1,1,140,161,199,213,248,257
watertown_sd,1998-05-25,44.9096,-97.1539,soybean,0,2,21,1998,B_80,1823.8065841841312,1.6591666721635394,2.0770833492279053,3.2993939500866514,2.7887500524520874,1.1341935280830628,0,1.7490825609329643,12.900283419423634,21.230505108833313,21.112667141538676,20.025008112192154,18.732560250066943,16.075588822364807,7.604636190134451,5.898333364994162,21.265000065167744,27.993939370820016,25.43499982357025,28.056129024874778,27.738749742507935,9.28091743561106,-3.8246527624756306,9.489583353201548,16.08242416381836,14.178125023841858,15.039354816559822,14.00124979019165,-1.358807335274482,0.3,0.7374999999999999,1,1,1,1,0.3,0.27558035907956463,0.9263244086787814,1,1,1,1,0.32780144210089474,1,1,1,1,1,1,1,1,145,169,202,218,249,257
watertown_sd,1998-05-25,44.9096,-97.1539,soybean,1,2,22,1998,B_80,1823.8065841841312,1.6591666721635394,2.0770833492279053,3.2993939500866514,2.7887500524520874,1.1341935280830628,0,1.7490825609329643,12.900283419423634,21.230505108833313,21.112667141538676,20.025008112192154,18.732560250066943,16.075588822364807,7.604636190134451,5.898333364994162,21.265000065167744,27.993939370820016,25.43499982357025,28.056129024874778,27.738749742507935,9.28091743561106,-3.8246527624756306,9.489583353201548,16.08242416381836,14.178125023841858,15.039354816559822,14.00124979019165,-1.358807335274482,0.3,0.7374999999999999,1,1,1,1,0.3,0.27558035907956463,0.9263244086787814,1,1,1,1,0.32780144210089474,1,1,1,1,1,1,1,1,145,169,202,218,249,257
casselton_nd,1998-05-20,46.8973,-97.2124,soybean,0,1,23,1998,B_80,4427.645523371313,1.5277697799874723,1.7331999850273132,4.63999995063333,0.7671428407941546,1.8913333018620808,0.696999979019165,2.030176994019905,12.316496040323656,22.097254486083983,20.06775696137372,23.450973646981375,17.901899973551433,17.34087152481079,6.92447493878086,5.272517971962476,22.182799949645997,27.198529355666217,28.867142813546316,29.282666969299317,27.713000106811524,8.296371709621322,-4.613165445786586,8.476400032043458,15.740294035743265,13.32428571156093,15.145999972025553,10.240000009536743,-2.1592920463433307,0.3,0.776,0.9999999999999999,1,1,1,0.3,0.26159814964187356,0.9382142877578735,1,1,1,1,0.3074178272380238,1,1,1,1,1,1,1,1,140,165,199,213,243,253
watertown_sd,1999-05-25,44.9096,-97.1539,soybean,0,2,24,1999,B_80,1420.74655292559,1.2166666694813304,4.063684212534051,3.161578943854884,3.2516667246818542,2.327272729440169,2.4053846505972056,0.2760377360402413,13.643240571022034,22.88370052136873,20.090800034372432,20.417595863342285,18.445948456272934,14.873640794020433,8.192922511190739,6.252500024158508,25.44526310970909,25.40263170945017,30.999999523162842,27.167575662786312,19.92230796813965,10.653679239300063,-4.8525000276923596,12.071052576366224,14.47710539165296,17.975000301996868,14.417272654446688,8.535384618318998,-2.608207507375276,0.3,0.6684210526315789,1,1,1,1,0.3,0.2575719253342998,0.998139096381969,1,1,1,0.9514560398164686,0.3255458196569887,1,1,1,1,1,1,1,1,145,164,202,214,247,260
watertown_sd,1999-05-25,44.9096,-97.1539,soybean,1,2,25,1999,B_80,1420.74655292559,1.2166666694813304,4.063684212534051,3.161578943854884,3.2516667246818542,2.327272729440169,2.4053846505972056,0.2760377360402413,13.643240571022034,22.88370052136873,20.090800034372432,20.417595863342285,18.445948456272934,14.873640794020433,8.192922511190739,6.252500024158508,25.44526310970909,25.40263170945017,30.999999523162842,27.167575662786312,19.92230796813965,10.653679239300063,-4.8525000276923596,12.071052576366224,14.47710539165296,17.975000301996868,14.417272654446688,8.535384618318998,-2.608207507375276,0.3,0.6684210526315789,1,1,1,1,0.3,0.2575719253342998,0.998139096381969,1,1,1,0.9514560398164686,0.3255458196569887,1,1,1,1,1,1,1,1,145,164,202,214,247,260
casselton_nd,1999-05-20,46.8973,-97.2124,soybean,0,1,26,1999,B_80,5488.4814703370175,1.4323021482220657,1.4030000030994416,2.7710526365982857,2.2084615413959208,2.7069697669058135,8.913571366242,0.28351851856267013,12.596961767553426,23.59107599258423,20.351350382754678,22.182711894695576,17.59029905723803,11.56870767048427,7.586366269323561,4.298345306955224,24.99350004196167,25.742105283235247,30.650769013624924,26.889090913714785,18.590714318411692,10.072499956245776,-6.279424479137436,11.172499990463256,13.439736830560784,15.999999926640436,13.846363616712166,9.857857125146047,-3.1368518424806773,0.3,0.6849999999999999,1,1,1,1,0.3,0.21268756436002187,0.9774642833641597,1,1,1,0.9353571412514667,0.2834424607692257,1,1,1,1,1,1,1,1,140,160,198,211,244,258
watertown_sd,2000-05-24,44.9096,-97.1539,soybean,0,2,27,2000,B_80,2144.7653357526533,0.9634027915696303,2.634545456279408,2.508108105208423,0.8315384938166692,1.226060612635179,0.4781818389892578,1.5156603694524404,13.825075325038698,20.006707971746273,21.265636418316817,22.305815843435433,17.7480644457268,18.216858517039906,7.4077077013141706,8.15208327017414,22.927727179093793,25.838378442300332,28.018461814293495,26.603333328709457,26.369999972256746,4.167122615606718,-4.610000016711031,10.990454543720592,14.230810938654718,14.534615369943472,14.283636411031088,8.178181864998557,-6.646509439579018,0.3,0.65,1,1,1,1,0.3,0.29779265802963417,0.9885551944955603,0.9988513517563867,1,1,1,0.29046158905321795,1,1,1,1,1,1,1,1,145,167,204,217,250,261
watertown_sd,2000-05-24,44.9096,-97.1539,soybean,1,2,28,2000,B_80,2144.7653357526533,0.9634027915696303,2.634545456279408,2.508108105208423,0.8315384938166692,1.226060612635179,0.4781818389892578,1.5156603694524404,13.825075325038698,20.006707971746273,21.265636418316817,22.305815843435433,17.7480644457268,18.216858517039906,7.4077077013141706,8.15208327017414,22.927727179093793,25.838378442300332,28.018461814293495,26.603333328709457,26.369999972256746,4.167122615606718,-4.610000016711031,10.990454543720592,14.230810938654718,14.534615369943472,14.283636411031088,8.178181864998557,-6.646509439579018,0.3,0.65,1,1,1,1,0.3,0.29779265802963417,0.9885551944955603,0.9988513517563867,1,1,1,0.29046158905321795,1,1,1,1,1,1,1,1,145,167,204,217,250,261
casselton_nd,2000-05-19,46.8973,-97.2124,soybean,0,1,29,2000,B_80,4804.87446756803,1.133093513173165,1.9021739234095034,6.5242105769483665,0.21999999455043248,3.0847058927311615,0.5472727255387739,2.187943917011546,12.832214547575807,22.207826282667078,19.168404554065905,22.82428503036499,16.810328427483054,16.00845831090754,6.724701463619125,5.7092805672034945,23.019565167634383,25.256841910512826,28.169285910470144,26.56735279980828,24.365454760464754,3.9643457952503844,-6.421942461228413,9.031304286873858,14.176052570343018,13.962857246398926,13.666176501442404,8.81999997659163,-6.888878476919136,0.3,0.6956521739130435,1,1,1,1,0.3,0.23674717241609114,0.9979037246348695,0.9963251885614897,1,1,1,0.2973030720438276,1,1,1,1,1,1,1,1,140,163,201,215,249,260
casselton_nd,2001-05-20,46.8973,-97.2124,soybean,0,1,30,2001,B_80,5620.755912327772,0.8194963966342185,3.362916648387909,1.7271428687231882,7.328461445294894,2.238666693369548,4.105000019073486,0.8322413648350229,13.29518253340138,18.65893276532491,21.714515931265694,16.330754793607273,18.787220096588136,17.197007656097412,7.2891935993885175,3.1915108026306838,21.284166653951008,27.35428570338658,28.954615372877853,29.28533312479655,28.552500009536743,9.347930997802779,-8.119640278998467,9.710416595141092,14.364571407863071,17.264615278977615,15.095999972025552,12.074999928474426,-1.7387068988113052,0.3,0.6791666666666667,1,1,1,1,0.3,0.19746402906826319,0.9087797616209302,1,1,1,1,0.36192118378902044,1,1,1,1,1,1,1,1,140,164,199,212,242,250
watertown_sd,2001-05-25,44.9096,-97.1539,soybean,0,2,31,2001,B_80,1412.8798335041267,1.9329860874762137,4.821304331655088,0.47843750566244125,8.775384444456835,0.49137931548315905,0,1.1598275889610423,13.897921514179972,20.16019468722136,23.02256017923355,16.49331841102013,19.51687950923525,17.85950458049774,8.130471200778567,3.522777767244002,21.778695645539656,28.695624828338623,29.111538520226112,28.79275867856782,28.37875008583069,10.39905173190195,-7.503402717928919,10.705652154010275,15.62656256556511,18.350769336407,15.841724132669382,13.567499995231628,-1.0627586280381114,0.3,0.6652173913043478,1,1,1,1,0.3,0.2175818457756014,0.9998757720734022,1,1,1,1,0.41533251673274496,1,1,1,1,1,1,1,1,145,168,200,213,242,250
watertown_sd,2001-05-25,44.9096,-97.1539,soybean,1,2,32,2001,B_80,1412.8798335041267,1.9329860874762137,4.821304331655088,0.47843750566244125,8.775384444456835,0.49137931548315905,0,1.1598275889610423,13.897921514179972,20.16019468722136,23.02256017923355,16.49331841102013,19.51687950923525,17.85950458049774,8.130471200778567,3.522777767244002,21.778695645539656,28.695624828338623,29.111538520226112,28.79275867856782,28.37875008583069,10.39905173190195,-7.503402717928919,10.705652154010275,15.62656256556511,18.350769336407,15.841724132669382,13.567499995231628,-1.0627586280381114,0.3,0.6652173913043478,1,1,1,1,0.3,0.2175818457756014,0.9998757720734022,1,1,1,1,0.41533251673274496,1,1,1,1,1,1,1,1,145,168,200,213,242,250
watertown_sd,2002-05-25,44.9096,-97.1539,soybean,0,2,33,2002,B_80,1895.8165564132223,0.9100694557030996,1.2778947227879573,2.01566667954127,1.799230722280649,3.963636354966597,2.9337499141693115,1.0851694951623174,14.539815785156357,21.803310344093724,21.188405768076578,21.486159031207745,17.9434432405414,15.563143849372864,8.241742686194888,4.900902761974269,25.57526317395662,29.08599999745687,30.29846162062425,26.88696965304288,27.31749963760376,8.205593183636665,-7.1300000444753096,11.911578906209845,16.75733331044515,17.090769400963417,14.641212073239412,16.2224999666214,-2.5263559237375097,0.3,0.7421052631578947,0.9999999999999999,0.9999999999999998,0.9999999999999999,0.9999999999999997,0.3,0.14548611155173385,0.996804506258857,1,1,1,1,0.23845338779016786,1,1,1,1,1,1,1,1,145,164,194,207,240,248
watertown_sd,2002-05-25,44.9096,-97.1539,soybean,1,2,34,2002,B_80,1895.8165564132223,0.9100694557030996,1.2778947227879573,2.01566667954127,1.799230722280649,3.963636354966597,2.9337499141693115,1.0851694951623174,14.539815785156357,21.803310344093724,21.188405768076578,21.486159031207745,17.9434432405414,15.563143849372864,8.241742686194888,4.900902761974269,25.57526317395662,29.08599999745687,30.29846162062425,26.88696965304288,27.31749963760376,8.205593183636665,-7.1300000444753096,11.911578906209845,16.75733331044515,17.090769400963417,14.641212073239412,16.2224999666214,-2.5263559237375097,0.3,0.7421052631578947,0.9999999999999999,0.9999999999999998,0.9999999999999999,0.9999999999999997,0.3,0.14548611155173385,0.996804506258857,1,1,1,1,0.23845338779016786,1,1,1,1,1,1,1,1,145,164,194,207,240,248
casselton_nd,2002-05-20,46.8973,-97.2124,soybean,0,1,35,2002,B_80,5520.665182859269,0.7178417259840656,2.6547618139357794,3.7906059857570766,2.6985714435577393,2.2155882120132446,3.4812499284744263,0.7493965543549637,13.224328871253583,24.25116152990432,19.95136073141387,18.1993898664202,18.529868686900418,14.173010885715485,7.408411834774347,3.6863309744102275,24.983333405994234,28.398787700768672,29.025714329310826,26.59647060843075,28.69249939918518,6.985086171598784,-8.348561169753829,8.642857208670605,15.808181907191422,17.012142998831614,13.694705878987032,16.006250023841858,-3.6759482582966827,0.3,0.6666666666666666,1,1,0.9999999999999999,0.9999999999999998,0.3,0.11506680386927733,0.9399319720093389,1,1,1,1,0.21384852000837914,1,1,1,1,1,1,1,1,140,161,194,208,242,250
northwood_nd,2002-05-17,47.7389,-97.5708,soybean,0,3,36,2002,B_80,4958.2882207981975,0.6135294152533307,3.549200010299683,4.3327777617507515,2.4053845772376428,4.121944394376543,0.9599999785423279,0.5450450396752572,12.53722245202345,23.801328468322755,20.115382697847153,19.803890154911922,17.360254208246868,15.266229629516602,6.753306672916756,1.904044130050084,22.269199905395507,27.33805555767483,27.464615455040565,25.59861093097263,27.74625039100647,4.548558544669603,-9.635514717823003,6.680400116443634,15.095555596881443,15.983846224271334,13.00083339214325,13.740000128746033,-5.270180204027408,0.3,0.6639999999999999,1,1,1,1,0.3,0.09442752115565406,0.8245857109342303,1,1,1,1,0.14944336982384,1,1,1,1,1,1,1,1,137,162,198,211,247,255
watertown_sd,2003-05-25,44.9096,-97.1539,soybean,0,2,37,2003,B_80,1377.6785072150628,1.1077083378202386,2.109130411044411,2.663714248793466,1.1207142706428255,0.912333337465922,2.1888888676961265,0.5351818171414462,13.53430886566639,22.301900531934656,21.32545313153948,21.404827322278702,18.479463895161945,15.27623897128635,8.072090821916406,4.8220139078977,22.679999890534773,27.258857236589705,27.82714285169329,28.759000078837076,27.016666836208767,7.792181794345379,-7.582638862620418,10.033913114796514,14.860857200622558,14.408571447644915,15.182666635513305,12.525555610656738,-3.366181852194396,0.3,0.6956521739130435,1,1,1,1,0.3,0.27063243923753144,0.9899999984302876,1,1,1,1,0.28878895820348294,1,1,1,1,1,1,1,1,145,168,203,217,247,256
watertown_sd,2003-05-25,44.9096,-97.1539,soybean,1,2,38,2003,B_80,1377.6785072150628,1.1077083378202386,2.109130411044411,2.663714248793466,1.1207142706428255,0.912333337465922,2.1888888676961265,0.5351818171414462,13.53430886566639,22.301900531934656,21.32545313153948,21.404827322278702,18.479463895161945,15.27623897128635,8.072090821916406,4.8220139078977,22.679999890534773,27.258857236589705,27.82714285169329,28.759000078837076,27.016666836208767,7.792181794345379,-7.582638862620418,10.033913114796514,14.860857200622558,14.408571447644915,15.182666635513305,12.525555610656738,-3.366181852194396,0.3,0.6956521739130435,1,1,1,1,0.3,0.27063243923753144,0.9899999984302876,1,1,1,1,0.28878895820348294,1,1,1,1,1,1,1,1,145,168,203,217,247,256
casselton_nd,2003-05-20,46.8973,-97.2124,soybean,0,1,39,2003,B_80,4137.233892979508,1.2412230295243023,2.186666669944922,3.341666671964857,0.2992857183728899,0.7857142942292349,0,0.8767543968401457,12.516810862280481,21.032564798990887,20.964125898149277,21.00073650905064,18.648682730538503,18.05779285430908,7.1740158806767385,3.187266199494437,22.31041669845581,27.11583349439833,28.127857072012766,30.278928211757115,28.480999755859376,7.6823684252929265,-9.427769830812224,8.841250002384186,14.189166598849827,15.122857093811035,15.914642878941127,10.45600004196167,-3.5021929863774988,0.3,0.7083333333333334,1,1,1,1,0.3,0.24810894162710928,0.9890922591799781,1,1,1,1,0.30431704160600975,1,1,1,1,1,1,1,1,140,164,200,214,242,252
casselton_nd,2004-05-19,46.8973,-97.2124,soybean,0,1,40,2004,B_80,5367.865797402214,1.0066906368132118,4.590416709582011,2.8439999699592593,3.7772222492429943,1.805952360232671,1.9274999797344208,1.213390786414859,13.339898479070595,18.892832318941753,22.064035952091217,20.278172969818115,16.013826960609073,11.599304974079132,5.393732684782181,3.319640336276816,21.077916622161865,25.12799997329712,25.68222215440538,23.329047543661936,19.00125014781952,5.382068974918675,-9.14280574948346,10.350833415985107,12.255250000953675,12.287222385406494,10.239285667737326,5.469374984502792,-4.809540234292033,0.3,0.6499999999999999,1,1,1,1,0.3,0.190811923276231,0.9335267848911739,0.995000000510897,1,0.9921428549046419,0.8219196375991616,0.12673234881616038,1,1,1,1,1,1,1,1,140,164,204,222,264,280
watertown_sd,2004-05-24,44.9096,-97.1539,soybean,0,2,41,2004,B_80,1515.284096248619,1.07131943355004,5.089130391245303,1.784000001847744,1.9100000192137325,3.4815385249944835,6.865000069141388,1.3649999978898586,13.772976082232264,18.609906403914742,21.986289739608765,18.537111787235034,16.42412336056049,12.005353510379791,6.275943540978706,5.728958314207072,21.589565360027812,24.74524998664856,24.92647081262925,24.603589571439304,18.92312502861023,6.500000029031573,-6.743402800315784,10.809565253879713,12.564249980449677,13.492941127103919,11.180000085097094,5.428124994505197,-3.9792528578947333,0.3,0.6652173913043478,1,1,1,1,0.3,0.25047371197964935,0.9228105582065463,0.9962767877749035,1,1,0.852410715904885,0.16940476294539636,1,1,1,1,1,1,1,1,145,168,208,225,264,280
watertown_sd,2004-05-24,44.9096,-97.1539,soybean,1,2,42,2004,B_80,1515.284096248619,1.07131943355004,5.089130391245303,1.784000001847744,1.9100000192137325,3.4815385249944835,6.865000069141388,1.3649999978898586,13.772976082232264,18.609906403914742,21.986289739608765,18.537111787235034,16.42412336056049,12.005353510379791,6.275943540978706,5.728958314207072,21.589565360027812,24.74524998664856,24.92647081262925,24.603589571439304,18.92312502861023,6.500000029031573,-6.743402800315784,10.809565253879713,12.564249980449677,13.492941127103919,11.180000085097094,5.428124994505197,-3.9792528578947333,0.3,0.6652173913043478,1,1,1,1,0.3,0.25047371197964935,0.9228105582065463,0.9962767877749035,1,1,0.852410715904885,0.16940476294539636,1,1,1,1,1,1,1,1,145,168,208,225,264,280
northwood_nd,2004-05-16,47.7389,-97.5708,soybean,0,3,43,2004,B_80,4862.5555097340075,1.1519117627073736,4.138148170930368,1.909069815347361,1.8225000143051147,3.976734633348426,1.3499999875607698,1.0455882452866612,13.26101894063108,19.358692204510724,21.86573179378066,18.800461864471437,14.291480803976253,8.025820960169254,4.702037236269782,0.6727941189618672,19.469259332727503,23.695581413978754,22.93000011444092,21.33081628838364,13.293478348980779,1.7172794046209139,-10.87992648038027,8.132592550030461,11.41441863082176,11.28499984741211,8.754285685870112,1.6678260998881382,-8.705441201215281,0.3,0.662962962962963,1,1,1,1,0.3,0.09798582077139847,0.8679365100999358,0.9906727558750646,0.9925714339528765,0.9413265287007256,0.3852018686184972,0.022862394966435533,1,1,1,1,1,1,1,1,137,164,207,227,276,299
casselton_nd,2005-05-20,46.8973,-97.2124,soybean,0,1,44,2005,B_80,5147.0056883337165,0.7344604413286387,7.330434716266135,2.904999999439015,1.4146153743450458,3.927352961371927,5.484444406297472,0.9478761015740116,13.185571634512154,17.599619533704676,21.748910230748795,20.7481291110699,17.865537152570838,15.352655304802788,7.304144528059833,4.422158338558331,21.731304458949875,27.48999999551212,27.753846095158504,26.72000015483183,25.762222290039063,8.55353981197144,-7.908129504406087,12.159565241440482,15.953235233531279,14.913846015930176,13.692352940054501,12.805555661519369,-2.1033627845149123,0.3,0.6956521739130435,1,1,1,1,0.3,0.23852518270556017,0.9542857156777234,1,1,1,1,0.3407774992880568,1,1,1,1,1,1,1,1,140,163,197,210,244,253
northwood_nd,2005-05-17,47.7389,-97.5708,soybean,0,3,45,2005,B_80,4679.138205666577,0.8317646997816422,5.988749951124191,4.853714343479702,0.7175000160932541,2.706756740003019,1.9781817956404253,0.9971697982752099,12.78579633902101,16.94735026359558,21.018982206072128,21.84466028213501,17.9350944467493,13.535910779779607,6.358017630734533,2.274558762266465,20.667500098546345,26.102000100272043,26.54437494277954,25.578918972530882,24.189091075550426,6.187452809428269,-9.74985298897852,11.072916646798452,15.053428595406668,13.478125154972076,12.247297274099815,10.640909064899791,-3.694433967389588,0.3,0.7374999999999999,1,1,1,1,0.3,0.18390756128590646,0.9315029765878404,1,1,1,1,0.2524561972816718,1,1,1,1,1,1,1,1,137,161,196,212,249,260
watertown_sd,2005-05-25,44.9096,-97.1539,soybean,0,2,46,2005,B_80,1342.073713695996,1.1474305478235085,5.31869567995486,0.9096774132021013,1.831666668256124,2.0111764599295223,4.581249952316284,1.7046017580855208,13.937444157070583,18.34122898267663,22.4431182184527,20.97864842414856,18.615400482626523,14.954067945480347,7.837035805778166,6.397291691766845,21.68739128112793,29.05774184196226,28.720832983652752,27.109411744510425,28.417500019073486,8.777433591144803,-5.882361150812358,11.403043477431588,16.897419252703266,15.314166824022928,13.77117639429429,14.226249933242798,-2.0915929124550483,0.3,0.6956521739130435,1,1,1,1,0.3,0.25756200502205284,0.9796428584163973,1,1,1,1,0.35676042853316525,1,1,1,1,1,1,1,1,145,168,199,211,245,253
watertown_sd,2005-05-25,44.9096,-97.1539,soybean,1,2,47,2005,B_80,1342.073713695996,1.1474305478235085,5.31869567995486,0.9096774132021013,1.831666668256124,2.0111764599295223,4.581249952316284,1.7046017580855208,13.937444157070583,18.34122898267663,22.4431182184527,20.97864842414856,18.615400482626523,14.954067945480347,7.837035805778166,6.397291691766845,21.68739128112793,29.05774184196226,28.720832983652752,27.109411744510425,28.417500019073486,8.777433591144803,-5.882361150812358,11.403043477431588,16.897419252703266,15.314166824022928,13.77117639429429,14.226249933242798,-2.0915929124550483,0.3,0.6956521739130435,1,1,1,1,0.3,0.25756200502205284,0.9796428584163973,1,1,1,1,0.35676042853316525,1,1,1,1,1,1,1,1,145,168,199,211,245,253
volga_sd,2005-05-25,44.3239,-96.9225,soybean,0,4,48,2005,B_80,3135.1401772745435,1.1668055522152119,4.835909044200724,2.1956666628519694,2.9107692058269796,2.6624242825941606,11.252500057220459,1.9013913180517115,13.662679033146965,18.110412554307416,22.194886875152587,20.353443219111515,18.73958905537923,15.68152403831482,8.127983194848765,7.267222220905953,22.289090676741168,29.16700007120768,29.343846541184647,27.282121138139203,27.901249885559082,9.807304369723019,-5.099861129704449,11.791818206960505,16.899999968210857,16.82230780674861,14.216969750144266,13.866250097751617,-1.4721739075754,0.3,0.6818181818181818,1,1,1,1,0.3,0.27126488006777233,0.9955519515198546,1,1,1,1,0.3874006218421533,1,1,1,1,1,1,1,1,145,167,197,210,243,251
volga_sd,2005-05-25,44.3239,-96.9225,soybean,2,4,49,2005,B_90,3626.2979020674065,1.1668055522152119,4.432916623850664,2.595000009983778,1.7224999368190765,4.447000044584274,6.15333350499471,1.5700000002980232,13.662679033146965,18.829829812049866,21.74135187268257,20.48769815762838,17.83937578201294,13.111935721503363,7.522818622680811,7.267222220905953,22.7129164536794,29.51750010251999,28.760000387827557,27.393749904632568,25.8988889058431,8.02471155827292,-5.099861129704449,11.869166672229767,17.244687467813492,16.44000021616618,14.037250053882598,13.722222169240316,-3.1063461454155354,0.3,0.7083333333333334,1,1,1,1,0.3,0.27126488006777233,0.9959226222265334,1,1,1,1,0.32260645684468875,1,1,1,1,1,1,1,1,145,169,201,213,253,262
volga_sd,2005-05-25,44.3239,-96.9225,soybean,1,4,50,2005,B_80,3135.1401772745435,1.1668055522152119,4.835909044200724,2.1956666628519694,2.9107692058269796,2.6624242825941606,11.252500057220459,1.9013913180517115,13.662679033146965,18.110412554307416,22.194886875152587,20.353443219111515,18.73958905537923,15.68152403831482,8.127983194848765,7.267222220905953,22.289090676741168,29.16700007120768,29.343846541184647,27.282121138139203,27.901249885559082,9.807304369723019,-5.099861129704449,11.791818206960505,16.899999968210857,16.82230780674861,14.216969750144266,13.866250097751617,-1.4721739075754,0.3,0.6818181818181818,1,1,1,1,0.3,0.27126488006777233,0.9955519515198546,1,1,1,1,0.3874006218421533,1,1,1,1,1,1,1,1,145,167,197,210,243,251
casselton_nd,2006-05-20,46.8973,-97.2124,soybean,0,1,51,2006,B_80,4803.104456727733,0.9164748251866951,1.1877777841356065,0.8436111278004117,0.6599999864896139,2.903999960422516,5.169000053405762,1.1072499910990397,12.59495465275195,22.39765108956231,22.771241876814102,22.30843702952067,17.57629254659017,15.353145313262939,7.821309464176496,5.160935248442584,26.799444516499836,27.121944586435955,32.416666666666664,29.14800001780192,25.197000122070314,9.678249983893087,-5.522805756266169,12.375000092718336,13.676388767030504,16.460000038146973,15.23100004196167,12.51700005531311,-2.3511666474553445,0.3,0.6888888888888889,1,1,1,1,0.3,0.24928571723347945,0.9887103149815211,1,1,1,1,0.2982559519631433,1,1,1,1,1,1,1,1,140,158,194,206,236,246
watertown_sd,2006-05-25,44.9096,-97.1539,soybean,0,2,52,2006,B_80,1126.5762506324795,1.0319444441960917,0.46444445186191136,1.3277777764532301,0.6645454547621987,3.5332258632106166,11.10636346990412,0.6811403653077912,13.277015664511257,22.168321821424698,22.761314815945095,22.103388352827594,17.289087449350664,15.519726363095371,8.230040579511408,6.5343749580076995,26.044444613986546,28.10277795791626,31.01999993757768,28.6261289658085,22.52636363289573,8.892894730707141,-3.874583353081511,13.024999989403618,14.322222100363838,15.990000117908824,15.643225977497716,10.464545423334295,-3.232456154288038,0.3,0.7277777777777777,1,1,1,1,0.3,0.2549925578817252,0.9685515922213358,1,1,1,0.9872727270250197,0.2564411023001474,1,1,1,1,1,1,1,1,145,163,199,210,241,252
watertown_sd,2006-05-25,44.9096,-97.1539,soybean,1,2,53,2006,B_80,1126.5762506324795,1.0319444441960917,0.46444445186191136,1.3277777764532301,0.6645454547621987,3.5332258632106166,11.10636346990412,0.6811403653077912,13.277015664511257,22.168321821424698,22.761314815945095,22.103388352827594,17.289087449350664,15.519726363095371,8.230040579511408,6.5343749580076995,26.044444613986546,28.10277795791626,31.01999993757768,28.6261289658085,22.52636363289573,8.892894730707141,-3.874583353081511,13.024999989403618,14.322222100363838,15.990000117908824,15.643225977497716,10.464545423334295,-3.232456154288038,0.3,0.7277777777777777,1,1,1,1,0.3,0.2549925578817252,0.9685515922213358,1,1,1,0.9872727270250197,0.2564411023001474,1,1,1,1,1,1,1,1,145,163,199,210,241,252
casselton_nd,2007-05-20,46.8973,-97.2124,soybean,0,1,54,2007,B_80,4295.753574917575,1.481079136296142,4.129090916026723,3.6093939127344075,1.700000007947286,1.7105882465839386,0,1.4058119491634207,13.052302942001562,19.029183171012185,21.012124437274355,20.670312881469727,17.72253101012286,18.585080742836,7.389580944664458,3.5323741103676585,22.69181810725819,28.063939296838008,30.03583335876465,26.45205873601577,29.75375008583069,7.580085526164781,-7.597769765116328,10.231818220832132,16.05363649310488,16.801666657129925,13.822352914249196,13.31375002861023,-3.408205123538645,0.3,0.6818181818181818,1,1,1,1,0.3,0.2626721493570557,0.9425973973490975,1,1,1,1,0.3588553090035115,1,1,1,1,1,1,1,1,140,162,195,207,241,249
watertown_sd,2007-05-25,44.9096,-97.1539,soybean,0,2,55,2007,B_80,1180.3779564483702,2.225625007516808,2.519047657648722,0.7464706056258258,0,3.393333361004338,2.0850000778834024,1.6208333240614996,14.027861012352837,20.045501254853747,22.66684372284833,21.124945713923527,16.812551801854912,15.654748996098837,7.705387223649908,4.699652852412934,23.550476165044877,27.76970594069537,30.27230746929462,25.910000078605883,21.760000069936115,7.75759255554941,-6.15812504138901,11.338095244907198,15.068235200994154,17.676153916579025,14.491212064569647,9.945833325386047,-3.6205555305436805,0.3,0.6666666666666666,1,1,1,1,0.3,0.2910912724771714,0.9781632638301979,1,1,1,0.8795535628284726,0.3284821430290187,1,1,1,1,1,1,1,1,145,166,200,213,246,258
watertown_sd,2007-05-25,44.9096,-97.1539,soybean,1,2,56,2007,B_80,1180.3779564483702,2.225625007516808,2.519047657648722,0.7464706056258258,0,3.393333361004338,2.0850000778834024,1.6208333240614996,14.027861012352837,20.045501254853747,22.66684372284833,21.124945713923527,16.812551801854912,15.654748996098837,7.705387223649908,4.699652852412934,23.550476165044877,27.76970594069537,30.27230746929462,25.910000078605883,21.760000069936115,7.75759255554941,-6.15812504138901,11.338095244907198,15.068235200994154,17.676153916579025,14.491212064569647,9.945833325386047,-3.6205555305436805,0.3,0.6666666666666666,1,1,1,1,0.3,0.2910912724771714,0.9781632638301979,1,1,1,0.8795535628284726,0.3284821430290187,1,1,1,1,1,1,1,1,145,166,200,213,246,258
casselton_nd,2008-05-19,46.8973,-97.2124,soybean,0,1,57,2008,B_80,5719.107695166584,0.7598561095676833,5.93807696379148,2.935405396126412,0.8230769084050105,3.584722194406721,3.9233334064483643,2.0349514263058173,14.237940988094687,18.134144599621113,22.147803718979294,20.0411156140841,17.19165317217509,14.48298748334249,6.4532488920156235,1.3510071939165644,20.406153752253605,26.93513535164498,28.66923082791842,26.05416663487752,22.761666774749756,4.754126216348224,-10.989712232951637,8.802692257441008,13.357026950733081,15.303076964158278,12.997500009006924,8.62833340962728,-5.85441746772493,0.3,0.7038461538461538,0.9999999999999999,1,1,1,0.3,0.14875385239490624,0.9824587873050145,1,1,0.9933829378514063,0.9986309600727898,0.2793446607350394,1,1,1,1,1,1,1,1,140,166,203,216,252,264
northwood_nd,2008-05-16,47.7389,-97.5708,soybean,0,3,58,2008,B_80,5377.569176084539,0.347647059489699,3.7893104224369445,2.3562500298023226,4.407857094492231,2.794249999895692,3.0045455152338203,2.0132812472681203,13.78091381051961,20.00668558581122,22.024851155281066,19.943988459450857,16.089809083938597,12.45378554951061,5.694629769772291,-0.1946323222398539,20.026896476745605,25.96174998283386,27.462143080575125,23.985249948501586,23.076363823630594,1.96697910776129,-12.435735316947103,6.932758636515716,12.220749986171722,13.79571431023734,10.946999955177308,9.250909068367697,-8.267395769556364,0.3,0.6862068965517241,1,1,1,1,0.3,0.10965073535594494,0.9261945815288962,1,1,0.9713839269110135,1,0.18799106796532647,1,1,1,1,1,1,1,1,137,166,206,220,260,271
watertown_sd,2008-05-23,44.9096,-97.1539,soybean,0,2,59,2008,B_80,1808.1912521182992,1.0802097825424655,4.783599987030029,1.8694444066948361,6.059285640716553,2.204864888577848,1.8299999670548872,1.5599999889731408,14.361471971431811,18.779459533691405,22.45002423392402,17.46927581514631,17.872015076714593,14.32453693043102,7.109826375246048,2.942097899601697,20.657999877929687,27.24166652891371,27.450714383806503,24.75000012887491,24.258182005448774,4.828550025820732,-9.37062937781944,9.852800064086914,13.856110917197334,16.31714289528983,12.251891890087643,9.92545450817455,-6.30840001039207,0.3,0.72,1,1,1,1,0.3,0.16963286596265706,0.9563428572246007,1,1,0.9860521251170331,0.9893831246859067,0.2524607118565057,1,1,1,1,1,1,1,1,144,169,205,219,256,267
watertown_sd,2008-05-23,44.9096,-97.1539,soybean,1,2,60,2008,B_80,1808.1912521182992,1.0802097825424655,4.783599987030029,1.8694444066948361,6.059285640716553,2.204864888577848,1.8299999670548872,1.5599999889731408,14.361471971431811,18.779459533691405,22.45002423392402,17.46927581514631,17.872015076714593,14.32453693043102,7.109826375246048,2.942097899601697,20.657999877929687,27.24166652891371,27.450714383806503,24.75000012887491,24.258182005448774,4.828550025820732,-9.37062937781944,9.852800064086914,13.856110917197334,16.31714289528983,12.251891890087643,9.92545450817455,-6.30840001039207,0.3,0.72,1,1,1,1,0.3,0.16963286596265706,0.9563428572246007,1,1,0.9860521251170331,0.9893831246859067,0.2524607118565057,1,1,1,1,1,1,1,1,144,169,205,219,256,267
casselton_nd,2009-05-20,46.8973,-97.2124,soybean,0,1,61,2009,B_80,4922.024558989013,1.2721582728324177,1.4692307699185152,1.741794867393298,2.262777739100986,2.653333365917206,3.343333297305637,2.2532652829374586,13.72628334100298,22.577879428863525,21.349705035869892,19.15433104832967,16.219170570373535,12.864833407931858,5.719359251917625,0.8535251537163695,21.47192305784959,26.114358853071163,25.069999906751846,25.736666626400417,25.512222078111435,3.5943877624005687,-10.308057558515088,7.108846150911771,13.800769316844452,12.654444535573324,12.838333328564962,11.682222154405382,-5.10448975207246,0.3,0.7038461538461538,1,1,1,1,0.3,0.16383607539310974,0.9223626445937942,1,1,1,1,0.10050291662530718,1,1,1,1,1,1,1,1,140,166,205,223,259,268
northwood_nd,2009-05-17,47.7389,-97.5708,soybean,0,3,62,2009,B_80,4583.743266363605,1.06249999211115,2.2450000445048013,1.9160000026226043,1.2441176596809835,2.541578920263993,0.15583333373069763,1.4341304392918297,12.889623973299475,23.382516288757323,21.68267502784729,19.279072088353775,15.59640325998005,11.824673453966776,5.266026307707247,-1.1086764707750476,20.151000022888184,25.520750045776367,24.172353071324967,25.178420970314427,21.44666663805644,1.795326080011285,-11.671764747595743,5.619000017642975,12.688749933242798,11.516470628626207,12.343947385486803,8.739999980976185,-7.083152195843666,0.3,0.6966666666666667,1,1,1,1,0.3,0.10849527310396098,0.8950357183814048,1,1,1,0.88839286179947,0.03684006124642324,1,1,1,1,1,1,1,1,137,167,207,224,262,274
watertown_sd,2010-05-24,44.9096,-97.1539,soybean,0,2,63,2010,B_80,1470.3650261251446,1.4716783047139228,4.130476168223789,3.4719999551773073,1.0778571196964808,3.2951723707133325,5.55916686852773,1.610720726283821,13.850969593008081,20.041128362928117,21.641728918892998,20.90110261099679,17.5099285388815,13.874107956886292,8.152605714024725,4.408251778854357,24.245237986246746,27.118285751342775,27.76999991280692,28.805517196655273,20.338333209355675,7.081531559293334,-6.17237762789001,12.222380910600934,15.206000191824776,15.652857099260602,16.477931055529364,10.172500014305115,-3.8311711649771207,0.3,0.7333333333333333,1,1,1,1,0.3,0.2544530498889181,1,1,1,1,0.9945535716556367,0.36173744974094546,1,1,1,1,1,1,1,1,144,165,200,214,243,255
watertown_sd,2010-05-24,44.9096,-97.1539,soybean,1,2,64,2010,B_80,1470.3650261251446,1.4716783047139228,4.130476168223789,3.4719999551773073,1.0778571196964808,3.2951723707133325,5.55916686852773,1.610720726283821,13.850969593008081,20.041128362928117,21.641728918892998,20.90110261099679,17.5099285388815,13.874107956886292,8.152605714024725,4.408251778854357,24.245237986246746,27.118285751342775,27.76999991280692,28.805517196655273,20.338333209355675,7.081531559293334,-6.17237762789001,12.222380910600934,15.206000191824776,15.652857099260602,16.477931055529364,10.172500014305115,-3.8311711649771207,0.3,0.7333333333333333,1,1,1,1,0.3,0.2544530498889181,1,1,1,1,0.9945535716556367,0.36173744974094546,1,1,1,1,1,1,1,1,144,165,200,214,243,255
casselton_nd,2010-05-20,46.8973,-97.2124,soybean,0,1,65,2010,B_80,5339.708505810637,1.2907194259355395,1.8852631543812,4.248108133673668,4.132142850330898,2.054333290954431,7.129091089422053,1.800521725157033,13.05974895748303,22.40475765027498,19.820882384841507,18.262093952723912,18.421387958526612,14.421903696927158,7.324791067579518,3.870071942321688,25.765789533916273,26.448648658958643,27.58142852783203,27.91633326212565,23.097272872924805,6.698086952903997,-6.7072662195901005,12.170526353936447,15.005405348700446,15.960714408329554,15.52733325958252,12.055454644289883,-3.8579130363205203,0.3,0.7052631578947368,0.9999999999999999,1,0.9999999999999999,0.9999999999999999,0.3,0.25103031896209804,1,1,1,1,1,0.36895031020600605,1,1,1,1,1,1,1,1,140,159,196,210,240,251
northwood_nd,2010-05-17,47.7389,-97.5708,soybean,0,3,66,2010,B_80,4672.575705584096,1.060367635506041,4.401428608667283,2.5056410286671076,4.11785705600466,3.2053124457597733,5.058461601917561,1.369000001929023,12.057616844773293,22.885141100202286,20.659302002344376,18.912467615944998,18.110265165567398,13.70907816520104,6.800581742416728,2.3607352731256364,24.29809488568987,25.357179421644943,26.63999993460519,27.59999978542328,19.391538253197304,5.098818231103095,-7.887867638950839,10.869523933955602,13.871282137357271,14.47142859867641,14.674062505364418,8.304615387549767,-5.235363618877124,0.3,0.7333333333333333,1,1,1,1,0.3,0.19911502000969686,1,0.9923076917836954,1,1,0.9695604371500539,0.3040292232333646,1,1,1,1,1,1,1,1,137,158,197,211,243,256
volga_sd,2011-05-25,44.3239,-96.9225,soybean,0,4,67,2011,B_80,2770.289326382472,1.6352083273231983,3.0363636883822354,4.828787818099514,2.5872727740894663,1.0753124877810478,0,0.3257017551284087,13.620117353068458,21.046718424016778,20.62995370229085,19.503169666637074,19.31861799955368,16.269884957207573,8.65515268894664,2.6752083269982703,22.609090848402545,27.330605998183742,30.849090922962535,27.440624952316284,24.704444249471027,11.30333332665134,-7.85027779193802,11.362727338617498,16.45393943786621,19.210909149863504,14.9940624833107,12.450000127156576,-1.5835965248314958,0.3,0.7136363636363636,1,1,1,1,0.3,0.17529265786565484,0.9781331149014559,1,1,1,1,0.3371679178558122,1,1,1,1,1,1,1,1,145,167,200,211,243,252
volga_sd,2011-05-25,44.3239,-96.9225,soybean,2,4,68,2011,B_90,3157.1860770665076,1.6352083273231983,2.9604348307070523,4.789696910164573,2.5872727740894663,0.8392682831461836,0.3128571425165449,0.3308080817111815,13.620117353068458,21.3815801869268,20.319181875749067,19.696446332064543,18.60629719059642,14.72355924333845,7.693990110146879,2.6752083269982703,22.816521644592285,27.561212135083746,30.469999833540484,26.773902381338726,19.479285853249685,9.977373703862682,-7.85027779193802,11.336521812107252,16.892727302782465,18.680000045082785,14.232682949159203,6.5228571231876105,-2.8578788230214456,0.3,0.7260869565217392,1,1,1,1,0.3,0.17529265786565484,0.9790838490361753,1,1,1,0.7689540788379251,0.26941197506900644,1,1,1,1,1,1,1,1,145,168,201,212,253,267
volga_sd,2011-05-25,44.3239,-96.9225,soybean,1,4,69,2011,B_80,2770.289326382472,1.6352083273231983,3.0363636883822354,4.828787818099514,2.5872727740894663,1.0753124877810478,0,0.3257017551284087,13.620117353068458,21.046718424016778,20.62995370229085,19.503169666637074,19.31861799955368,16.269884957207573,8.65515268894664,2.6752083269982703,22.609090848402545,27.330605998183742,30.849090922962535,27.440624952316284,24.704444249471027,11.30333332665134,-7.85027779193802,11.362727338617498,16.45393943786621,19.210909149863504,14.9940624833107,12.450000127156576,-1.5835965248314958,0.3,0.7136363636363636,1,1,1,1,0.3,0.17529265786565484,0.9781331149014559,1,1,1,1,0.3371679178558122,1,1,1,1,1,1,1,1,145,167,200,211,243,252
watertown_sd,2011-05-24,44.9096,-97.1539,soybean,0,2,70,2011,B_80,1495.5520964673794,1.3937062912887626,3.6260869814001997,3.864117681980133,5.831818147139116,1.0700000040233135,0.239999998699535,0.25441441450033103,13.82804674201912,21.28309681104577,19.878776957007016,19.305499857122246,19.496185928583145,17.046738971363414,8.313106193198815,1.5652447298455698,22.032608737116274,27.114999911364386,29.8890907981179,27.447187662124634,25.73181793906472,10.174864920191803,-9.091468518065822,10.356086927911509,16.203529526205624,18.16818176616322,14.66343754529953,11.605454531582918,-2.194324324528376,0.3,0.6956521739130435,1,1,1,1,0.3,0.15863386535836563,0.9684006349640604,1,1,1,1,0.30216859963793247,1,1,1,1,1,1,1,1,144,167,201,212,244,255
watertown_sd,2011-05-24,44.9096,-97.1539,soybean,1,2,71,2011,B_80,1495.5520964673794,1.3937062912887626,3.6260869814001997,3.864117681980133,5.831818147139116,1.0700000040233135,0.239999998699535,0.25441441450033103,13.82804674201912,21.28309681104577,19.878776957007016,19.305499857122246,19.496185928583145,17.046738971363414,8.313106193198815,1.5652447298455698,22.032608737116274,27.114999911364386,29.8890907981179,27.447187662124634,25.73181793906472,10.174864920191803,-9.091468518065822,10.356086927911509,16.203529526205624,18.16818176616322,14.66343754529953,11.605454531582918,-2.194324324528376,0.3,0.6956521739130435,1,1,1,1,0.3,0.15863386535836563,0.9684006349640604,1,1,1,1,0.30216859963793247,1,1,1,1,1,1,1,1,144,167,201,212,244,255
northwood_nd,2011-05-16,47.7389,-97.5708,soybean,0,3,72,2011,B_80,4548.058794104281,0.9556296355194516,2.321111109521654,4.536216265446431,5.823846131563187,3.8002941538305843,0,0.6022935799502451,12.293654632568359,22.0664229216399,19.88287254281946,18.95420734698956,17.445966664482565,17.126005554199217,6.822888092163506,-1.0925185063922846,20.537777971338343,25.628918621991133,27.73923110961914,26.219411793877097,25.81999969482422,8.877798136357868,-11.232296299327302,8.290000042015755,14.811081113042057,16.013076855586124,14.161764733931598,9.949000120162964,-3.101651364783628,0.3,0.7148148148148148,1,1,1,1,0.3,0.11810846704023856,0.949087302230062,1,1,1,1,0.27214940764293133,1,1,1,1,1,1,1,1,136,163,200,213,247,257
volga_sd,2012-05-24,44.3239,-96.9225,soybean,0,4,73,2012,B_80,3187.3610684567284,1.8943750124631658,3.071904710360936,1.2451724261045456,0.6879999876022339,2.5216129104937277,0.7799999713897705,0.9048780499374479,13.753492049045033,20.713282267252605,21.634940673565044,20.530496311187743,19.22885553298458,17.25700032711029,8.987295724512116,10.540416634395822,23.610476130530948,30.131379291929047,33.97199974060059,27.910645023469,30.913749933242798,10.433739865213875,-2.424027804699209,11.558571372713361,17.093448079865553,20.275000190734865,13.949999932319887,16.09249997138977,-2.586707337842724,0.3,0.6666666666666666,1,1,1,1,0.3,0.40471229716647594,0.954234685622105,1,1,1,1,0.34776423002715445,1,1,1,1,1,1,1,1,145,166,195,205,236,244
volga_sd,2012-05-24,44.3239,-96.9225,soybean,2,4,74,2012,B_90,3466.3991570947783,1.8943750124631658,2.9322726780718025,1.164838721194575,0.9639999866485596,2.1486842106831703,0.9069999873638153,0.9209909934114229,13.753492049045033,20.895642627369273,21.685021585033788,18.782884883880616,18.933927636397513,17.571249580383302,8.038870871604026,10.540416634395822,23.849090879613705,30.4716128072431,33.79299964904785,28.284210456045052,28.443000030517577,8.45747751104939,-2.424027804699209,11.705454490401529,17.310645011163526,20.985000228881837,13.85236832970067,10.942000007629394,-4.1044594852237015,0.3,0.6818181818181818,0.9999999999999999,1,1,1,0.3,0.40471229716647594,0.9563149271847365,1,1,1,1,0.277252254894955,1,1,1,1,1,1,1,1,145,167,198,208,246,256
volga_sd,2012-05-24,44.3239,-96.9225,soybean,1,4,75,2012,B_80,3187.3610684567284,1.8943750124631658,3.071904710360936,1.2451724261045456,0.6879999876022339,2.5216129104937277,0.7799999713897705,0.9048780499374479,13.753492049045033,20.713282267252605,21.634940673565044,20.530496311187743,19.22885553298458,17.25700032711029,8.987295724512116,10.540416634395822,23.610476130530948,30.131379291929047,33.97199974060059,27.910645023469,30.913749933242798,10.433739865213875,-2.424027804699209,11.558571372713361,17.093448079865553,20.275000190734865,13.949999932319887,16.09249997138977,-2.586707337842724,0.3,0.6666666666666666,1,1,1,1,0.3,0.40471229716647594,0.954234685622105,1,1,1,1,0.34776423002715445,1,1,1,1,1,1,1,1,145,166,195,205,236,244
watertown_sd,2012-05-23,44.9096,-97.1539,soybean,0,2,76,2012,B_80,1309.9615525975692,1.2395804245155175,1.9422727173024958,2.611935430957425,1.46599999666214,1.0245454582301052,1.132857118334089,0.655750006934007,13.87198442512459,20.283715508200906,21.766260916186916,19.630198764801026,20.033731402772844,17.518473761422293,8.67347127199173,9.558671335227318,22.954545281150125,29.530322843982326,33.04600009918213,27.396666555693656,31.0485714503697,9.289958334838351,-3.1432167771239796,10.877272735942494,16.50903228021437,20.422999954223634,13.425757480390144,15.202857426234655,-3.356958356251319,0.3,0.6499999999999999,1,1,1,1,0.3,0.36973276547064166,0.9417370155260161,1,1,1,1,0.3164077366214423,1,1,1,1,1,1,1,1,144,166,197,207,240,247
watertown_sd,2012-05-23,44.9096,-97.1539,soybean,1,2,77,2012,B_80,1309.9615525975692,1.2395804245155175,1.9422727173024958,2.611935430957425,1.46599999666214,1.0245454582301052,1.132857118334089,0.655750006934007,13.87198442512459,20.283715508200906,21.766260916186916,19.630198764801026,20.033731402772844,17.518473761422293,8.67347127199173,9.558671335227318,22.954545281150125,29.530322843982326,33.04600009918213,27.396666555693656,31.0485714503697,9.289958334838351,-3.1432167771239796,10.877272735942494,16.50903228021437,20.422999954223634,13.425757480390144,15.202857426234655,-3.356958356251319,0.3,0.6499999999999999,1,1,1,1,0.3,0.36973276547064166,0.9417370155260161,1,1,1,1,0.3164077366214423,1,1,1,1,1,1,1,1,144,166,197,207,240,247
casselton_nd,2012-05-18,46.8973,-97.2124,soybean,0,1,78,2012,B_80,5432.779837384165,0.8297101466552071,2.0009523573375882,1.9105714457375662,0.20900000333786012,1.1730302933490637,0.19625000655651093,0.678512394243528,12.829915440600852,20.66296645573207,21.951699420384,20.771729373931883,20.19967778523763,18.128882884979248,7.72360972924666,8.410652173170146,23.810476121448335,28.782285744803293,32.5810001373291,28.233030377012312,29.84625005722046,8.022851226312563,-4.157463779106088,10.472381024133592,15.137714399610248,19.323000144958495,13.175454688794686,13.263749837875366,-3.589256241871429,0.3,0.6666666666666666,1,0.9999999999999998,0.9999999999999999,0.9999999999999999,0.3,0.33008540260719277,0.961887753739649,1,1,1,1,0.297541322848521,1,1,1,1,1,1,1,1,139,160,195,205,238,246
northwood_nd,2012-05-15,47.7389,-97.5708,soybean,0,3,79,2012,B_80,4784.668015713316,0.8721481407130206,1.796086954033893,3.006486495805753,2.076666752497355,1.553142854145595,0.5933333237965901,0.8230434819408085,12.165783034430609,22.187672905299973,20.30953074790336,19.618252992630005,19.35205707550049,15.282289399041069,6.8912767534670625,6.572592620082475,22.48608696979025,27.431351275057406,30.69499985376994,27.426285607474192,26.453333112928604,5.214782585738146,-5.596518559202,8.21304350313933,14.30405400250409,17.785833199818928,12.176000104631697,11.454444461398655,-5.220173885948632,0.3,0.7260869565217392,0.9999999999999999,0.9999999999999998,1,1,0.3,0.2711613761822856,0.9195341667773561,0.9987355189894157,1,1,1,0.22455590169194228,1,1,1,1,1,1,1,1,136,159,196,208,243,252
volga_sd,2013-05-25,44.3239,-96.9225,soybean,0,4,80,2013,B_80,2356.6724765961612,1.2659722180623147,3.19958342735966,4.893870992045248,0.765555567211575,0.7641935656147618,0.42375001311302185,1.1658715433483824,14.174613230758244,20.268912315368652,21.12199903303577,21.739254315694172,18.933821093651556,15.021444082260132,7.923129389045435,2.9343750070806385,21.15083348751068,28.42322571046891,24.78500027126736,27.80580649837371,28.149999856948853,6.251192708627894,-7.789097246688066,10.679583231608072,16.99354845477689,12.777222183015612,15.021935509097192,15.445000231266022,-5.033944946329255,0.3,0.7083333333333333,1,1,1,1,0.3,0.15770833262257158,0.971339286792846,1,1,1,1,0.25358781097444605,1,1,1,1,1,1,1,1,145,169,200,218,249,257
volga_sd,2013-05-25,44.3239,-96.9225,soybean,2,4,81,2013,B_90,2575.809059018786,1.2659722180623147,3.071600090265274,4.685151540871822,0.6400000067318187,0.7448718119890262,1.1718181480060925,1.1689583184197545,14.174613230758244,20.567383270263672,20.725400028806742,22.238842683679916,17.63991590646597,14.158558455380525,7.118745641161998,2.9343750070806385,21.380400123596193,28.40818179737438,24.454706079819623,27.519230818137146,23.71272745999423,3.9753125148514905,-7.789097246688066,10.769199905395508,17.131515156139027,12.13647065443151,14.924871860406338,9.715454600074075,-7.043645829544403,0.3,0.72,1,1,1,1,0.3,0.15770833262257158,0.9724857153211321,1,1,1,1,0.15251116037723564,1,1,1,1,1,1,1,1,145,170,203,220,259,270
volga_sd,2013-05-25,44.3239,-96.9225,soybean,1,4,82,2013,B_80,2356.6724765961612,1.2659722180623147,3.19958342735966,4.893870992045248,0.765555567211575,0.7641935656147618,0.42375001311302185,1.1658715433483824,14.174613230758244,20.268912315368652,21.12199903303577,21.739254315694172,18.933821093651556,15.021444082260132,7.923129389045435,2.9343750070806385,21.15083348751068,28.42322571046891,24.78500027126736,27.80580649837371,28.149999856948853,6.251192708627894,-7.789097246688066,10.679583231608072,16.99354845477689,12.777222183015612,15.021935509097192,15.445000231266022,-5.033944946329255,0.3,0.7083333333333333,1,1,1,1,0.3,0.15770833262257158,0.971339286792846,1,1,1,1,0.25358781097444605,1,1,1,1,1,1,1,1,145,169,200,218,249,257
watertown_sd,2013-05-24,44.9096,-97.1539,soybean,0,2,83,2013,B_80,1029.5929815931968,1.4997902056137165,3.2872000765800475,4.260000050067902,0.7552940985735725,0.4509677425507576,1.197777721616957,1.987037023736371,14.576419947030661,19.052687091827394,21.369347661733627,21.52498368655934,18.840555898604855,14.613761054144964,7.652300775051117,1.8853146839965056,20.358800048828126,28.129687309265137,24.14294153101304,27.94419362468104,27.04888916015625,5.857870338967553,-8.940978985983175,10.372400016784669,16.879999935626984,12.250588276807,14.832580720224687,14.481111208597818,-5.333333326382907,0.3,0.692,1,1,1,1,0.3,0.13917082967934433,0.9490428679330009,1,1,1,1,0.24397817430475716,1,1,1,1,1,1,1,1,144,169,201,218,249,258
watertown_sd,2013-05-24,44.9096,-97.1539,soybean,1,2,84,2013,B_80,1029.5929815931968,1.4997902056137165,3.2872000765800475,4.260000050067902,0.7552940985735725,0.4509677425507576,1.197777721616957,1.987037023736371,14.576419947030661,19.052687091827394,21.369347661733627,21.52498368655934,18.840555898604855,14.613761054144964,7.652300775051117,1.8853146839965056,20.358800048828126,28.129687309265137,24.14294153101304,27.94419362468104,27.04888916015625,5.857870338967553,-8.940978985983175,10.372400016784669,16.879999935626984,12.250588276807,14.832580720224687,14.481111208597818,-5.333333326382907,0.3,0.692,1,1,1,1,0.3,0.13917082967934433,0.9490428679330009,1,1,1,1,0.24397817430475716,1,1,1,1,1,1,1,1,144,169,201,218,249,258
casselton_nd,2013-05-19,46.8973,-97.2124,soybean,0,1,85,2013,B_80,3269.7054591168335,1.18855073346176,5.298799953460693,6.500322595719369,0.3713333249092102,1.1932258365615722,0.5333333545260959,1.9761206913610985,14.331674040227696,17.123459300994874,21.97857459898918,21.23013038635254,19.20522459091679,16.562907536824543,7.072884682951303,0.5658695524477441,20.757600059509276,29.372580682077714,27.184666697184245,27.752257993144372,28.890000025431316,5.763965539120394,-11.054637690385183,10.611999969482422,16.24290309413787,14.2846666653951,13.642903174123456,13.523333284589981,-4.687844769290552,0.3,0.72,1,1,1,1,0.3,0.1265269155396191,0.9853142854145595,1,1,1,1,0.2972105916938171,1,1,1,1,1,1,1,1,139,164,195,210,241,250
northwood_nd,2013-05-16,47.7389,-97.5708,soybean,0,3,86,2013,B_80,2657.9388915439517,0.7351111085326583,7.299999952316284,1.6290909340887358,1.0583333704206679,0.6111764592282912,5.140000104904175,1.417129616494532,13.93167492725231,17.615770234002007,22.177292332504734,21.137290318806965,18.847319041981418,11.781071710586547,6.492876781357659,-1.2551851962451581,19.872221876073766,28.042121251424152,25.346666547987198,27.141764584709616,24.77000026702881,2.814907416977264,-12.507555546032059,9.212592628267076,15.421818241928563,12.413888878292507,12.645294049206901,12.444000053405762,-7.407129684463143,0.3,0.7148148148148148,1,1,1,1,0.3,0.0866666659515686,0.9189550267956245,1,1,1,1,0.22869378200451296,1,1,1,1,1,1,1,1,136,163,196,214,248,258
casselton_nd,2014-05-19,46.8973,-97.2124,soybean,0,1,87,2014,B_80,3989.881379755895,1.1660145011501035,3.101666662428114,3.3486842262117484,1.044374953955412,1.70588238186696,4.803333322207133,0.38908257096185594,12.900090709976528,21.84047243330214,19.704039498379355,21.731435179710388,17.470477482851813,15.818217833836874,7.172327613065002,0.696159422883521,26.798333168029785,25.609736693532845,26.708749890327454,26.293235217823703,21.09416651725769,6.878440428901156,-11.604637683544686,12.734444366561043,13.84131572121068,14.255625128746033,14.440000085269704,8.198333432277044,-4.003577940849536,0.3,0.6888888888888888,1,1,1,1,0.3,0.1353002057225669,1,1,1,1,0.8416369050031617,0.3198689398762244,1,1,1,1,1,1,1,1,139,157,195,211,245,257
northwood_nd,2014-05-16,47.7389,-97.5708,soybean,0,3,88,2014,B_80,4417.494075147568,1.0447407406789284,5.209999990463257,4.805952404226575,3.3087499141693115,2.9800000058280096,1.3853333155314127,0.3886138643368636,12.438694849720708,21.724226903915405,19.809298878624325,21.406656086444855,16.88849190870921,14.72990338007609,6.186278292448214,-1.786814907827863,24.332999897003173,23.957619212922594,26.833750009536743,25.12861092885335,19.403999837239585,4.333762336190384,-13.487555508149995,10.410999947786332,12.862619082132976,14.314374923706055,13.104166666666666,5.899333333969116,-5.753465325894332,0.3,0.6499999999999999,1,1,1,1,0.3,0.07134126741734761,0.9756250000425748,1,1,0.9998412709387522,0.7951428472995757,0.23312234267054976,1,1,1,1,1,1,1,1,136,156,198,214,250,265
casselton_nd,2015-05-19,46.8973,-97.2124,soybean,0,1,89,2015,B_80,5307.366455402163,1.6035507247931715,2.745454506440596,3.086944477425681,4.922307638021616,1.7593939810088186,2.7612499594688416,0.9339130417160366,12.240653670352438,22.514327959580854,20.660002840889824,19.04295143714318,18.733353152419582,13.298455595970154,7.390176367241403,4.775869541842004,23.624090974981133,26.63388877444797,28.696153787466194,27.166363687226266,28.27625012397766,10.46773921150876,-8.19268118803376,9.286818200891668,14.429999974038866,16.44461551079383,13.394242488976682,16.142499923706055,-0.7882608632192664,0.3,0.7136363636363636,1,1,1,1,0.3,0.25061594193230535,0.9512499961760137,0.9997023788709489,1,1,1,0.3999378882250199,1,1,1,1,1,1,1,1,139,161,197,210,243,251
northwood_nd,2015-05-16,47.7389,-97.5708,soybean,0,3,90,2015,B_80,4712.652741461177,0.9200740770057396,4.463599922657013,4.393947391133559,1.2957142421177459,1.3335293952156515,1.4891666769981384,1.036074770945255,12.354089118816235,21.641190223693847,19.408522781572845,20.3223785672869,19.028601422029382,14.165348529815674,6.4906039644624585,2.933407439098314,21.539600105285643,25.75263153879266,27.647142682756698,27.06558822183048,23.40249991416931,8.192897223423575,-9.673481427022704,7.989199931621552,13.564473767029611,15.882857254573278,12.830588242586922,9.858333309491476,-2.581682257249812,0.3,0.692,0.9999999999999999,1,1,1,0.3,0.2098809546953629,0.8731285721063614,0.993580827139374,1,1,0.9744940456889924,0.3011582110211432,1,1,1,1,1,1,1,1,136,161,199,213,247,259
casselton_nd,2016-05-05,46.8973,-97.2124,soybean,0,1,91,2016,B_80,4753.168786054707,1.0904800126552583,1.6020833055178325,2.3200000022587024,5.852142887456076,1.4763333161671957,0.502999997138977,2.13547999727726,11.931226720809937,21.2611852089564,21.236394731621992,18.51161997658866,18.800910250345865,17.453508853912354,7.744436924934387,3.9414399932920934,22.71124990781148,26.493421102824964,26.633571352277485,28.739333152770996,25.835000419616698,10.6068799893111,-6.8371199914217,7.958333273728688,13.456315806037502,15.076428549630302,16.291000111897787,12.233999872207642,-0.21487998819351195,0.3,0.6208333333333333,1,1,1,1,0.3,0.1645228568102632,0.9070238123337427,1,1,1,1,0.4487171445659229,1,1,1,1,1,1,1,1,126,150,188,202,232,242
northwood_nd,2016-05-06,47.7389,-97.5708,soybean,0,3,92,2016,B_80,4615.267017753104,0.8177777772384976,4.164615433949691,4.579999968772981,6.810769356214083,2.7205882195164177,7.807999777793884,1.6068448221375202,12.271614569520194,20.46238004244291,20.676012667214,17.692051007197453,18.600112802842084,14.676258897781372,6.959338515996933,2.800079337247307,21.269230842590332,25.10341458204316,26.345384744497444,26.65499995736515,24.925,8.222545969203628,-7.437777757348996,7.9661539277205105,12.866341474579603,15.725384638859676,13.915294170379639,12.997000026702882,-1.926971244111914,0.3,0.65,1,1,1,1,0.3,0.1318452353114072,0.891387362729062,0.9967857129897806,1,1,1,0.3594242599781309,1,1,1,1,1,1,1,1,127,153,194,207,241,251
casselton_nd,2016-05-06,46.8973,-97.2124,soybean,0,1,93,2016,B_80,4680.412185550991,1.0818254093802164,1.6020833055178325,2.382702705022451,5.646000027656555,1.384333316485087,0.5588888857099745,2.13547999727726,12.054407761210488,21.047332803408306,21.207119451986777,18.198086166381838,18.9357967376709,17.408875677320694,7.744436924934387,4.165158731981166,22.46999986966451,26.497567614993535,26.94333330790202,28.5029998143514,26.017778184678818,10.6068799893111,-6.721190467831635,8.151249925295511,13.484864892186346,15.447333272298177,16.027000141143798,12.179999828338623,-0.21487998819351195,0.3,0.6208333333333332,0.9999999999999999,1,1,1,0.3,0.17115362778795953,0.9070238123337427,1,1,1,1,0.4487171445659229,1,1,1,1,1,1,1,1,127,151,188,203,233,242
casselton_nd,2017-05-05,46.8973,-97.2124,soybean,0,1,94,2017,B_80,4735.249485005446,0.7206451532340818,1.0125925894136782,2.5913157996378446,1.6871429021869386,1.8379999893052237,0.8099999957614474,1.2360169483443437,12.14952102303505,21.382848386411315,21.961541978936445,21.62209449495588,18.367021097455705,17.292792532179092,7.610887972985283,3.132016145413922,20.81925932566325,27.07894736842105,29.12928581237793,26.132571356637136,26.713333129882813,8.06203386983124,-7.880564520045394,6.740370335402312,12.803157944428293,14.692142963409424,13.032857131958007,12.33000013563368,-3.471016983612109,0.3,0.7407407407407407,0.9999999999999999,1,1,1,0.3,0.15420795004162507,0.8978571396656138,1,1,1,1,0.36163438396577974,1,1,1,1,1,1,1,1,125,152,190,204,239,248
casselton_nd,2018-05-07,46.8973,-97.2124,soybean,0,1,95,2018,B_80,4456.192795572635,0.6199206336150094,1.3009524118332636,3.783823483130511,3.1071428656578064,1.7568749897181988,7.907000112533569,1.708749991375953,12.957577873790076,22.14445500146775,19.482648653142594,20.855453627450125,20.69843327999115,16.11641483306885,8.02268454618752,-0.5091269717566551,25.27761899857294,27.790588154512292,29.30714280264718,27.615624964237213,26.328000259399413,7.263749945152085,-11.857698460656499,8.81190474260421,15.064117684083826,16.707857063838414,13.710937455296516,12.603999996185303,-2.753906262223609,0.3,0.6666666666666666,1,1,1,0.9999999999999999,0.3,0.10162415025151776,0.9610884317329952,1,1,1,1,0.2700446410245994,1,1,1,1,1,1,1,1,127,148,182,196,228,238
casselton_nd,2018-05-19,46.8973,-97.2124,soybean,0,1,96,2018,B_80,4834.787862692066,0.745072468035463,0.6788235271678251,4.542941135518691,2.8671428561210632,1.9581818111015088,8.600909233093262,1.3847457478612155,13.694954742556034,21.099311492022345,19.89240318186143,20.00461891719273,19.965327205079976,14.325950665907426,7.46654855396788,1.5432608662092167,28.005882263183594,27.95941178938922,27.97642844063895,27.589090925274473,23.9618183482777,5.874745695457115,-10.199855118773986,12.67882349911858,15.360588298124426,16.22499976839338,13.018181815291896,11.447272820906205,-3.9282203580615884,0.3,0.7117647058823529,1,1,0.9999999999999999,0.9999999999999999,0.3,0.17382246375423288,1,1,1,1,1,0.20818401738261627,1,1,1,1,1,1,1,1,139,156,190,204,237,248
casselton_nd,2019-05-17,46.8973,-97.2124,soybean,0,1,97,2019,B_80,5863.113792852596,1.0420588101534283,2.9613636339252642,5.358974409409059,1.3971428530556815,2.6782050805214124,4.413636196743358,2.141634612129285,13.911776128937216,22.03172254562378,19.474575189443733,20.67213753291539,16.726300031710895,12.18026438626376,6.398162964444894,-0.8699999591335654,22.647272500124846,26.317948610354694,27.550714084080287,24.334102752881172,22.213636311617766,3.912403858642882,-11.774044132175144,8.598636321046136,14.273589721092812,14.789999893733434,12.637948708656507,12.144545511765914,-5.194519226976599,0.3,0.5863636363636363,1,1,1,1,0.3,0.14832458139285679,0.8747727219741066,1,1,0.9952014654110639,0.9825974037120868,0.16292925598611543,1,1,1,1,1,1,1,1,137,159,198,212,251,262
