CheckpointID,SimulationID,Zone,Date,Year,DOY,StageName,Stage,Rain,Radn,MaxT,MinT,ThermalTime,Yieldkgha,FracGrowthRate,NutrientStress,TempStress,WaterStress,Result,SimulationName,id_trial
1,1,Field,2018-03-25 12:00:00,2018,84,Germinating,1,0,19.583436965942383,7.630000114440918,-5.800000190734863,0,0,0,1,0,1,NA,Simulation,71
1,1,Field,2018-03-26 12:00:00,2018,85,Germinating,1,8.050000190734863,15.73811149597168,12.420000076293945,-4.710000038146973,0.348692392361164,0,0,1,0,1,NA,Simulation,71
1,1,Field,2018-03-27 12:00:00,2018,86,Germinating,1,3.140000104904175,13.08163833618164,11.520000457763672,0.7400000095367432,0.21870435773432262,0,0,1,0,1,NA,Simulation,71
1,1,Field,2018-03-28 12:00:00,2018,87,Germinating,1,1.7599999904632568,14.509066581726074,10.359999656677246,2.4000000953674316,0.01519970872700216,0,0,1,0,1,NA,Simulation,71
1,1,Field,2018-03-29 12:00:00,2018,88,Germinating,1,0.7099999785423279,11.377378463745117,8.5600004196167,2.890000104904175,0,0,0,1,0,1,NA,Simulation,71
1,1,Field,2018-03-30 12:00:00,2018,89,Germinating,1,0,15.247947692871094,8.229999542236328,0.36000001430511475,0,0,0,1,0,1,NA,Simulation,71
1,1,Field,2018-03-31 12:00:00,2018,90,Germinating,1,0.7400000095367432,21.085222244262695,14.539999961853027,-0.25999999046325684,1.061937487758696,0,0,1,0,1,NA,Simulation,71
1,1,Field,2018-04-01 12:00:00,2018,91,Germinating,1,0,15.362479209899902,4.039999961853027,-3.799999952316284,0,0,0,1,0,1,NA,Simulation,71
1,1,Field,2018-04-02 12:00:00,2018,92,Germinating,1,1.4199999570846558,23.632896423339844,6.579999923706055,-7.03000020980835,0,0,0,1,0,1,NA,Simulation,71
1,1,Field,2018-04-03 12:00:00,2018,93,Germinating,1,5.360000133514404,14.265843391418457,8.470000267028809,-2.259999990463257,0,0,0,1,0,1,NA,Simulation,71
1,1,Field,2018-04-04 12:00:00,2018,94,Germinating,1,0,11.429404258728027,2.25,-3.109999895095825,0,0,0,1,0,1,NA,Simulation,71
1,1,Field,2018-04-05 12:00:00,2018,95,Germinating,1,1.649999976158142,18.765087127685547,5.03000020980835,-5.039999961853027,0,0,0,1,0,1,NA,Simulation,71
1,1,Field,2018-04-06 12:00:00,2018,96,Germinating,1,0,15.298689842224121,3.5999999046325684,-3.9200000762939453,0,0,0,1,0,1,NA,Simulation,71
1,1,Field,2018-04-07 12:00:00,2018,97,Germinating,1,0,17.609859466552734,2.609999895095825,-6.369999885559082,0,0,0,1,0,1,NA,Simulation,71
1,1,Field,2018-04-08 12:00:00,2018,98,Germinating,1,1.1200000047683716,24.25281524658203,4.789999961853027,-8.260000228881836,0,0,0,1,0,1,NA,Simulation,71
1,1,Field,2018-04-09 12:00:00,2018,99,Germinating,1,0.47999998927116394,17.74539566040039,3.869999885559082,-3.880000114440918,0,0,0,1,0,1,NA,Simulation,71
1,1,Field,2018-04-10 12:00:00,2018,100,Germinating,1,0,20.588775634765625,7.21999979019165,-4.070000171661377,0,0,0,1,0,1,NA,Simulation,71
1,1,Field,2018-04-11 12:00:00,2018,101,Germinating,1,0,24.26236915588379,19.139999389648438,-0.18000000715255737,2.747157751736045,0,0,1,0,1,NA,Simulation,71
1,1,Field,2018-04-12 12:00:00,2018,102,Germinating,1,0,23.956138610839844,25.1200008392334,4.900000095367432,6.015759773179888,0,0.5010000467300415,1,0.5010000467300415,1,NA,Simulation,71
1,1,Field,2018-04-13 12:00:00,2018,103,Germinating,1,14.569999694824219,17.126636505126953,22.010000228881836,5.78000020980835,4.749686077311635,0,0.3895000219345093,1,0.3895000219345093,1,NA,Simulation,71
1,1,Field,2018-04-14 12:00:00,2018,104,Germinating,1,10.510000228881836,7.890343189239502,10.59000015258789,5.539999961853027,0.07193941029310258,0,0,1,0,1,NA,Simulation,71
1,1,Field,2018-04-15 12:00:00,2018,105,Germinating,1,9.130000114440918,9.036839485168457,6.429999828338623,0.800000011920929,0,0,0,1,0,1,NA,Simulation,71
1,1,Field,2018-04-16 12:00:00,2018,106,Germinating,1,0.4099999964237213,8.03212833404541,0.9100000262260437,-2.5399999618530273,0,0,0,1,0,1,NA,Simulation,71
1,1,Field,2018-04-17 12:00:00,2018,107,Germinating,1,0,16.515254974365234,4.929999828338623,-2.619999885559082,0,0,0,1,0,1,NA,Simulation,71
1,1,Field,2018-04-18 12:00:00,2018,108,Germinating,1,2.5399999618530273,13.922273635864258,4.71999979019165,-3.859999895095825,0,0,0,1,0,1,NA,Simulation,71
1,1,Field,2018-04-19 12:00:00,2018,109,Germinating,1,0,19.29917335510254,8.260000228881836,-0.8399999737739563,0,0,0,1,0,1,NA,Simulation,71
1,1,Field,2018-04-20 12:00:00,2018,110,Germinating,1,0,25.570268630981445,14.789999961853027,-2.2699999809265137,1.0578718631714583,0,0,1,0,1,NA,Simulation,71
1,1,Field,2018-04-21 12:00:00,2018,111,Germinating,1,0,23.0263671875,12.630000114440918,0.03999999910593033,0.4691221518845299,0,0,1,0,1,NA,Simulation,71
1,1,Field,2018-04-22 12:00:00,2018,112,Germinating,1,0,23.716590881347656,18.3700008392334,4.340000152587891,2.8612698548316957,0,0.13550004959106446,1,0.13550004959106446,1,NA,Simulation,71
1,1,Field,2018-04-23 12:00:00,2018,113,Germinating,1,1.159999966621399,23.099367141723633,18.459999084472656,5.199999809265137,3.0353714258968836,0,0.18299994468688965,1,0.18299994468688965,1,NA,Simulation,71
1,1,Field,2018-04-24 12:00:00,2018,114,Germinating,1,0,18.55228042602539,16.170000076293945,7.150000095367432,2.3242594259232288,0,0.16600000858306885,1,0.16600000858306885,1,NA,Simulation,71
1,1,Field,2018-04-25 12:00:00,2018,115,Germinating,1,0,16.478734970092773,11.119999885559082,3.8499999046325684,0.1712225966751575,0,0,1,0,1,NA,Simulation,71
1,1,Field,2018-04-26 12:00:00,2018,116,Germinating,1,0,26.651748657226563,17.510000228881836,-0.5099999904632568,2.0548130937457083,0,0,1,0,1,NA,Simulation,71
1,1,Field,2018-04-27 12:00:00,2018,117,Germinating,1,0.8600000143051147,21.740631103515625,12.899999618530273,2.0999999046325684,0.6200623693317173,0,0,1,0,1,NA,Simulation,71
1,1,Field,2018-04-28 12:00:00,2018,118,Germinating,1,0,15.226719856262207,8.84000015258789,2.2100000381469727,0,0,0,1,0,1,NA,Simulation,71
1,1,Field,2018-04-29 12:00:00,2018,119,Germinating,1,0,26.219947814941406,14.59000015258789,-1.4199999570846558,1.0283172399736942,0,0,1,0,1,NA,Simulation,71
1,1,Field,2018-04-30 12:00:00,2018,120,Germinating,1,0,28.09298324584961,25.040000915527344,-0.09000000357627869,5.148984871046245,0,0.24750004559755326,1,0.24750004559755326,1,NA,Simulation,71
1,1,Field,2018-05-01 12:00:00,2018,121,Germinating,1,0,26.584716796875,29.639999389648438,8.460000038146973,9.11687583797574,0,0.9049999713897705,1,0.9049999713897705,1,NA,Simulation,71
1,1,Field,2018-05-02 12:00:00,2018,122,Germinating,1,25.530000686645508,17.513290405273438,31.030000686645508,15.40999984741211,13.009182143962384,0,1,1,1,1,NA,Simulation,71
1,1,Field,2018-05-03 12:00:00,2018,123,Germinating,1,5.400000095367432,11.054095268249512,23.68000030517578,16.170000076293945,9.925000190734863,0,0.9925000190734864,1,0.9925000190734864,1,NA,Simulation,71
1,1,Field,2018-05-04 12:00:00,2018,124,Germinating,1,0,14.255627632141113,22.610000610351563,15.470000267028809,9.040000438690184,0,0.9040000438690186,1,0.9040000438690186,1,NA,Simulation,71
1,1,Field,2018-05-05 12:00:00,2018,125,Germinating,1,0,24.63231658935547,27.43000030517578,11.449999809265137,9.44000005722046,0,0.9440000057220459,1,0.9440000057220459,1,NA,Simulation,71
1,1,Field,2018-05-06 12:00:00,2018,126,Germinating,1,0,23.305686950683594,23.030000686645508,9.390000343322754,6.210000514984132,0,0.6210000514984131,1,0.6210000514984131,1,NA,Simulation,71
1,1,Field,2018-05-07 12:00:00,2018,127,Germinating,1,0,25.511484146118164,22.219999313354492,6.079999923706055,4.896221549510956,0,0.41499996185302734,1,0.41499996185302734,1,NA,Simulation,71
1,1,Field,2018-05-08 12:00:00,2018,128,Germinating,1,0,25.85185432434082,26.920000076293945,9.260000228881836,8.09000015258789,0,0.8090000152587891,1,0.8090000152587891,1,NA,Simulation,71
1,1,Field,2018-05-09 12:00:00,2018,129,Germinating,1,7.480000019073486,17.590097427368164,27.219999313354492,12.470000267028809,9.84499979019165,0,0.9844999790191651,1,0.9844999790191651,1,NA,Simulation,71
1,1,Field,2018-05-10 12:00:00,2018,130,Germinating,1,3.5999999046325684,13.326652526855469,21.889999389648438,12.470000267028809,7.179999828338623,0,0.7179999828338623,1,0.7179999828338623,1,NA,Simulation,71
1,1,Field,2018-05-11 12:00:00,2018,131,Germinating,1,1.6799999475479126,13.283295631408691,16.100000381469727,9.819999694824219,2.9600000381469727,0,0.29600000381469727,1,0.29600000381469727,1,NA,Simulation,71
1,1,Field,2018-05-12 12:00:00,2018,132,Germinating,1,12.829999923706055,11.136768341064453,14.539999961853027,7.789999961853027,1.691054663658142,0,0.11649999618530274,1,0.11649999618530274,1,NA,Simulation,71
1,1,Field,2018-05-13 12:00:00,2018,133,Germinating,1,6.159999847412109,17.314680099487305,21.399999618530273,9.199999809265137,5.32763848887086,0,0.5299999713897705,1,0.5299999713897705,1,NA,Simulation,71
1,1,Field,2018-05-14 12:00:00,2018,134,Germinating,1,19.610000610351563,20.06519317626953,30.15999984741211,11.430000305175781,10.795000076293945,0,1,1,1,1,NA,Simulation,71
1,1,Field,2018-05-15 12:00:00,2018,135,Germinating,1,0,15.465253829956055,20.3799991607666,12.880000114440918,6.62999963760376,0,0.6629999637603761,1,0.6629999637603761,1,NA,Simulation,71
1,1,Field,2018-05-16 12:00:00,2018,136,Germinating,1,0,25.226884841918945,25.100000381469727,9.710000038146973,7.40500020980835,0,0.740500020980835,1,0.740500020980835,1,NA,Simulation,71
1,1,Field,2018-05-17 12:00:00,2018,137,Germinating,1,0,24.702613830566406,25.799999237060547,10.729999542236328,8.2649993896484375,0,0.82649993896484375,1,0.82649993896484375,1,NA,Simulation,71
1,1,Field,2018-05-18 12:00:00,2018,138,Germinating,1,7.96999979019165,15.516311645507813,22.770000457763672,11.5600004196167,7.165000438690185,0,0.7165000438690186,1,0.7165000438690186,1,NA,Simulation,71
1,1,Field,2018-05-19 12:00:00,2018,139,Germinating,1,2.1500000953674316,11.785579681396484,21.59000015258789,13.619999885559082,7.605000019073486,0,0.7605000019073487,1,0.7605000019073487,1,NA,Simulation,71
1,1,Field,2018-05-20 12:00:00,2018,140,Germinating,1,0,16.685422897338867,17.530000686645508,9.489999771118164,3.526063002061844,0,0.3510000228881836,1,0.3510000228881836,1,NA,Simulation,71
1,1,Field,2018-05-21 12:00:00,2018,141,Germinating,1,3.200000047683716,15.686620712280273,20.719999313354492,9.989999771118164,5.354999542236326,0,0.5354999542236328,1,0.5354999542236328,1,NA,Simulation,71
1,1,Field,2018-05-22 12:00:00,2018,142,Germinating,1,0,15.23175048828125,19.229999542236328,12.050000190734863,5.639999866485596,0,0.5639999866485595,1,0.5639999866485595,1,NA,Simulation,71
1,1,Field,2018-05-23 12:00:00,2018,143,Germinating,1,0,27.11568260192871,25.6200008392334,9.020000457763672,7.344041839015484,0,0.7320000648498536,1,0.7320000648498536,1,NA,Simulation,71
1,1,Field,2018-05-24 12:00:00,2018,144,Germinating,1,0,26.723867416381836,29.010000228881836,12.09000015258789,10.550000190734863,0,1,1,1,1,NA,Simulation,71
1,1,Field,2018-05-25 12:00:00,2018,145,Germinating,1.999,0.7799999713897705,26.26895523071289,32.119998931884766,14.8100004196167,12.652003035056591,0,1,1,1,1,NA,Simulation,71
1,1,Field,2018-05-26 12:00:00,2018,146,Emerging,2.2448384575363,0,21.26754379272461,31.100000381469727,18.829999923706055,14.690307452178004,0,1,1,1,1,NA,Simulation,71
1,1,Field,2018-05-27 12:00:00,2018,147,Emerging,2.467732014712294,0,24.80778694152832,34.95000076293945,18.719999313354492,13.373613430559637,0,1,1,1,1,NA,Simulation,71
1,1,Field,2018-05-28 12:00:00,2018,148,Emerging,2.689708128280044,0,24.474821090698242,35.41999816894531,19.200000762939453,13.318566814064981,0,1,1,1,1,NA,Simulation,71
1,1,Field,2018-05-29 12:00:00,2018,149,Emerging,2.9408063623617093,0,20.46112823486328,32.20000076293945,20.149999618530273,15.06589404489994,0,1,1,1,1,NA,Simulation,71
1,1,Field,2018-05-30 12:00:00,2018,150,Vegetative,3.02950979009467,21.1299991607666,12.252365112304688,30.479999542236328,21.6200008392334,12.902942583812745,0,1,1,1,1,NA,Simulation,71
1,1,Field,2018-05-31 12:00:00,2018,151,Vegetative,3.0653996744074865,2.509999990463257,15.303680419921875,31.360000610351563,20.020000457763672,12.20256066635758,0,1,1,1,1,NA,Simulation,71
1,1,Field,2018-06-01 12:00:00,2018,152,Vegetative,3.0913770889647645,0,22.692359924316406,27.049999237060547,15.029999732971191,8.832320949474452,0,1,1,1,1,NA,Simulation,71
1,1,Field,2018-06-02 12:00:00,2018,153,Vegetative,3.1099972849937223,1.690000057220459,26.69922637939453,25.68000030517578,10.220000267028809,6.330866649845646,0,0.7950000286102296,1,0.7950000286102296,0.9999999999999999,NA,Simulation,71
1,1,Field,2018-06-03 12:00:00,2018,154,Vegetative,3.1326512619361266,0,24.773149490356445,26.68000030517578,12.75,7.702352160417445,0,0.9715000152587892,1,0.9715000152587892,0.9999999999999999,NA,Simulation,71
1,1,Field,2018-06-04 12:00:00,2018,155,Vegetative,3.152807194097873,0,24.122600555419922,25.200000762939453,12.15999984741211,6.85301693499377,0,0.8680000305175781,1,0.8680000305175781,0.9999999999999998,NA,Simulation,71
1,1,Field,2018-06-05 12:00:00,2018,156,Vegetative,3.171495742646809,0,20.497509002685547,23.190000534057617,12.970000267028809,6.354106506638274,0,0.8080000400543214,1,0.8080000400543214,0.9999999999999999,NA,Simulation,71
1,1,Field,2018-06-06 12:00:00,2018,157,Vegetative,3.187948754405025,0,28.073549270629883,25.5,8.640000343322754,5.594023997793422,0,0.7070000171661377,1,0.7070000171661377,0.9999999999999999,NA,Simulation,71
1,1,Field,2018-06-07 12:00:00,2018,158,Vegetative,3.215148806323605,0,26.007701873779297,29.43000030517578,14.260000228881836,9.248017652317237,0,1,1,1,1,NA,Simulation,71
1,1,Field,2018-06-08 12:00:00,2018,159,Vegetative,3.238243906521577,3.0299999713897705,13.663326263427734,24.5,15.680000305175781,7.852334067310582,0,1,1,1,1,NA,Simulation,71
1,1,Field,2018-06-09 12:00:00,2018,160,Vegetative,3.263586435582792,4.46999979019165,14.696775436401367,25.989999771118164,16.219999313354492,8.616459880812963,0,1,1,1,0.9999999999999999,NA,Simulation,71
1,1,Field,2018-06-10 12:00:00,2018,161,Vegetative,3.2856167242499903,7.650000095367432,7.8004231452941895,22.040000915527344,17.31999969482422,7.490298146847417,0,0.9680000305175782,1,0.9680000305175782,0.9999999999999998,NA,Simulation,71
1,1,Field,2018-06-11 12:00:00,2018,162,Vegetative,3.305776407091581,1.4299999475479126,11.362805366516113,21.440000534057617,16.31999969482422,6.854292166140942,0,0.8880000114440918,1,0.8880000114440918,0.9999999999999999,NA,Simulation,71
1,1,Field,2018-06-12 12:00:00,2018,163,Vegetative,3.332845810997832,0,16.39313507080078,25.850000381469727,18.049999237060547,9.203597328125257,0,1,1,1,1,NA,Simulation,71
1,1,Field,2018-06-13 12:00:00,2018,164,Vegetative,3.359263524406829,0,17.622507095336914,25.799999237060547,17.56999969482422,8.982022559058956,0,1,1,1,1,NA,Simulation,71
1,1,Field,2018-06-14 12:00:00,2018,165,Vegetative,3.3815405078537952,0,26.529199600219727,27.209999084472656,12.529999732971191,7.574174371968562,0,0.9869999408721924,1,0.9869999408721924,1,NA,Simulation,71
1,1,Field,2018-06-15 12:00:00,2018,166,Vegetative,3.4105693874920733,3.490000009536743,19.72451400756836,30.760000228881836,15.220000267028809,9.86981907701455,0,1,1,1,0.9999999999999998,NA,Simulation,71
1,1,Field,2018-06-16 12:00:00,2018,167,Vegetative,3.442753274494363,0,24.745826721191406,33.31999969482422,19.030000686645508,10.942521580778465,0,1,1,1,0.9999999999999999,NA,Simulation,71
1,1,Field,2018-06-17 12:00:00,2018,168,Vegetative,3.476235229241261,0,21.897031784057617,34.40999984741211,22.079999923706055,11.383864613945335,0,1,1,1,1,NA,Simulation,71
1,1,Field,2018-06-18 12:00:00,2018,169,Vegetative,3.5095948407248243,2.0899999141693115,16.209909439086914,34.540000915527344,22.1299991607666,11.342267904411543,0,1,1,1,0.9999999999999999,NA,Simulation,71
1,1,Field,2018-06-19 12:00:00,2018,170,Vegetative,3.5427785719154916,1.809999942779541,20.602861404418945,30.18000030517578,19.350000381469727,11.282468604826818,0,1,1,1,1,NA,Simulation,71
1,1,Field,2018-06-20 12:00:00,2018,171,Vegetative,3.5715680170577517,1.3600000143051147,16.620094299316406,26.81999969482422,18.799999237060547,9.788411348368415,0,1,1,1,1,NA,Simulation,71
1,1,Field,2018-06-21 12:00:00,2018,172,Vegetative,3.592980286738003,38.66999816894531,4.270692348480225,20.649999618530273,18.399999618530273,7.280171691285491,0,0.9524999618530274,1,0.9524999618530274,1,NA,Simulation,71
1,1,Field,2018-06-22 12:00:00,2018,173,Vegetative,3.61376309329269,7.090000152587891,7.960622310638428,21.5,16.979999542236328,7.066154228593576,0,0.9239999771118165,1,0.9239999771118165,1,NA,Simulation,71
1,1,Field,2018-06-23 12:00:00,2018,174,Vegetative,3.636735172328732,0,16.424264907836914,23.780000686645508,16.6299991607666,7.810506872254268,0,1,1,1,1,NA,Simulation,71
1,1,Field,2018-06-24 12:00:00,2018,175,Vegetative,3.663011273752535,0,21.082189559936523,26.530000686645508,16.790000915527344,8.933874484093034,0,1,1,1,1,NA,Simulation,71
1,1,Field,2018-06-25 12:00:00,2018,176,Vegetative,3.689402334533189,0,22.854583740234375,27.15999984741211,16.229999542236328,8.972960665422457,0,1,1,1,1,NA,Simulation,71
1,1,Field,2018-06-26 12:00:00,2018,177,Vegetative,3.7157463190801474,12.5600004196167,15.960258483886719,26.5,16.809999465942383,8.956954745965854,0,1,1,1,1,NA,Simulation,71
1,1,Field,2018-06-27 12:00:00,2018,178,Vegetative,3.7417104010285316,0,17.86258316040039,25.229999542236328,17.700000762939453,8.827787862450533,0,1,1,1,0.9999999999999999,NA,Simulation,71
1,1,Field,2018-06-28 12:00:00,2018,179,Vegetative,3.771986524003882,0,25.195146560668945,29.799999237060547,16.8799991607666,10.293881811619205,0,1,1,1,1,NA,Simulation,71
1,1,Field,2018-06-29 12:00:00,2018,180,Vegetative,3.805067843148655,0,24.8811092376709,32.91999816894531,19.31999969482422,11.247648509222753,0,1,1,1,0.9999999999999999,NA,Simulation,71
1,1,Field,2018-06-30 12:00:00,2018,181,Vegetative,3.8411026878637182,0,20.43998908996582,33.25,22.989999771118164,12.251847203121482,0,1,1,1,0.9999999999999999,NA,Simulation,71
1,1,Field,2018-07-01 12:00:00,2018,182,Vegetative,3.8768297511461607,4.730000019073486,15.99371337890625,33.099998474121094,22.299999237060547,12.147201516030522,0,1,1,1,1,NA,Simulation,71
1,1,Field,2018-07-02 12:00:00,2018,183,Vegetative,3.9084944049004684,0,19.04861831665039,28,19.59000015258789,10.765982276464584,0,1,1,1,0.9999999999999999,NA,Simulation,71
1,1,Field,2018-07-03 12:00:00,2018,184,Vegetative,3.939442911918224,0,27.242862701416016,33.11000061035156,16.979999542236328,10.522492386036909,0,1,1,1,1,NA,Simulation,71
1,1,Field,2018-07-04 12:00:00,2018,185,Vegetative,3.9753115541854704,24.940000534057617,16.701271057128906,32.45000076293945,21.25,12.195338370863798,0,1,1,1,1,NA,Simulation,71
1,1,Field,2018-07-05 12:00:00,2018,186,EarlyFlowering,4.035175437338197,0.6100000143051147,20.167341232299805,31.440000534057617,21.829999923706055,12.61512405752375,0,1,1,1,1,NA,Simulation,71
1,1,Field,2018-07-06 12:00:00,2018,187,EarlyFlowering,4.109034299478193,0,17.084028244018555,24.649999618530273,17.719999313354492,8.863063456799443,0,1,1,1,0.9999999999999998,NA,Simulation,71
1,1,Field,2018-07-07 12:00:00,2018,188,EarlyFlowering,4.172738419601778,0,28.014846801757813,27.190000534057617,12.020000457763672,7.6444944148302785,0,0.9605000495910645,1,0.9605000495910645,0.9999999999999998,NA,Simulation,71
1,1,Field,2018-07-08 12:00:00,2018,189,EarlyFlowering,4.245997844615078,0,28.296092987060547,29.290000915527344,12.699999809265137,8.791131001595984,0,1,1,1,1,NA,Simulation,71
1,1,Field,2018-07-09 12:00:00,2018,190,EarlyFlowering,4.3307902402327505,0,27.80280876159668,31.479999542236328,14.579999923706055,10.175087474120682,0,1,1,1,0.9999999999999999,NA,Simulation,71
1,1,Field,2018-07-10 12:00:00,2018,191,EarlyFlowering,4.426843822929871,0,22.39224624633789,29.850000381469727,18.700000762939453,11.526429923654444,0,1,1,1,1,NA,Simulation,71
1,1,Field,2018-07-11 12:00:00,2018,192,EarlyFlowering,4.517379799576814,0,24.59221076965332,29.989999771118164,16.780000686645508,10.864317197633167,0,1,1,1,1,NA,Simulation,71
1,1,Field,2018-07-12 12:00:00,2018,193,EarlyFlowering,4.607794664889395,0,23.738510131835938,29.559999465942383,17.030000686645508,10.849783837509749,0,1,1,1,0.9999999999999998,NA,Simulation,71
1,1,Field,2018-07-13 12:00:00,2018,194,EarlyFlowering,4.700662946362726,0,25.582103729248047,31.8799991607666,16.739999771118164,11.144193776799723,0,1,1,1,0.9999999999999999,NA,Simulation,71
1,1,Field,2018-07-14 12:00:00,2018,195,EarlyFlowering,4.799092739115256,4.420000076293945,12.588128089904785,28.270000457763672,20.350000381469727,11.811575130303556,0,1,1,1,1,NA,Simulation,71
1,1,Field,2018-07-15 12:00:00,2018,196,EarlyFlowering,4.906033966608466,2.490000009536743,15.874594688415527,32.0099983215332,20.920000076293945,12.832947299185173,0,1,1,1,0.9999999999999998,NA,Simulation,71
1,1,Field,2018-07-16 12:00:00,2018,197,EarlyPodDevelopment,5.013554992554047,1.7599999904632568,20.0335693359375,31.59000015258789,21.420000076293945,13.17362296455064,0,1,1,1,1,NA,Simulation,71
1,1,Field,2018-07-17 12:00:00,2018,198,EarlyPodDevelopment,5.089364651190498,0,21.50510597229004,27.860000610351563,17.389999389648438,10.613352209103173,0,1,1,1,0.9999999999999997,NA,Simulation,71
1,1,Field,2018-07-18 12:00:00,2018,199,EarlyPodDevelopment,5.14982849352472,0,24.325645446777344,26.18000030517578,13.829999923706055,8.464937926791112,0,1,1,1,1,NA,Simulation,71
1,1,Field,2018-07-19 12:00:00,2018,200,EarlyPodDevelopment,5.221122647793682,0,26.996929168701172,29.889999389648438,13.550000190734863,9.981181597654684,0,1,1,1,1,NA,Simulation,71
1,1,Field,2018-07-20 12:00:00,2018,201,EarlyPodDevelopment,5.302448993467028,19.489999771118164,15.521514892578125,28.450000762939453,18.110000610351563,11.385688394268337,0,1,1,1,1,NA,Simulation,71
1,1,Field,2018-07-21 12:00:00,2018,202,EarlyPodDevelopment,5.375453195081631,6.619999885559082,7.997392654418945,24.209999084472656,19.469999313354492,10.220588226044498,0,1,1,1,1,NA,Simulation,71
1,1,Field,2018-07-22 12:00:00,2018,203,EarlyPodDevelopment,5.4522879360781555,0,15.044219017028809,25.8700008392334,18.8799991607666,10.756863739513387,0,1,1,1,0.9999999999999997,NA,Simulation,71
1,1,Field,2018-07-23 12:00:00,2018,204,EarlyPodDevelopment,5.52038162363289,0,14.125258445739746,24.09000015258789,17.690000534057617,9.533116257662881,0,1,1,1,1,NA,Simulation,71
1,1,Field,2018-07-24 12:00:00,2018,205,EarlyPodDevelopment,5.60253719015898,0,19.045475006103516,27.760000228881836,18.329999923706055,11.50177931365255,0,1,1,1,1,NA,Simulation,71
1,1,Field,2018-07-25 12:00:00,2018,206,EarlyPodDevelopment,5.687734808890424,0,20.281768798828125,28.6200008392334,18.239999771118164,11.92766662240212,0,1,1,1,1,NA,Simulation,71
1,1,Field,2018-07-26 12:00:00,2018,207,EarlyPodDevelopment,5.767331585335511,0,18.52918815612793,26.989999771118164,17.920000076293945,11.143548702312291,0,1,1,1,1,NA,Simulation,71
1,1,Field,2018-07-27 12:00:00,2018,208,EarlyPodDevelopment,5.8288201718112855,0,20.24779510498047,24.510000228881836,14.59000015258789,8.608402106608471,0,0.9550000190734864,1,0.9550000190734864,1,NA,Simulation,71
1,1,Field,2018-07-28 12:00:00,2018,209,EarlyPodDevelopment,5.889703889595881,0,23.332088470458984,25.579999923706055,13.1899995803833,8.523720489843347,0,0.9384999752044678,1,0.9384999752044678,1,NA,Simulation,71
1,1,Field,2018-07-29 12:00:00,2018,210,EarlyPodDevelopment,5.950007434556724,0,22.504474639892578,25.040000915527344,13.40999984741211,8.442496294517957,0,0.9225000381469727,1,0.9225000381469727,1,NA,Simulation,71
1,1,Field,2018-07-30 12:00:00,2018,211,EarlyGrainFilling,6.007707853540321,0,23.494884490966797,26.15999984741211,13.359999656677246,9.001089534864171,27.164224718323204,0.9759999752044678,1,0.9759999752044678,1,NA,Simulation,71
1,1,Field,2018-07-31 12:00:00,2018,212,EarlyGrainFilling,6.041574839658217,3.619999885559082,13.310808181762695,23.690000534057617,15.239999771118164,8.797017378095669,54.69980343211127,0.9465000152587891,1,0.9465000152587891,1,NA,Simulation,71
1,1,Field,2018-08-01 12:00:00,2018,213,EarlyGrainFilling,6.08656239496793,0,22.08506202697754,28.59000015258789,16.360000610351563,11.685607466808602,92.2061872083968,1,1,1,1,NA,Simulation,71
1,1,Field,2018-08-02 12:00:00,2018,214,EarlyGrainFilling,6.135867462398687,8.949999809265137,17.310609817504883,30.34000015258789,16.790000915527344,12.807089875273853,134.89946185899126,1,1,1,1,NA,Simulation,71
1,1,Field,2018-08-03 12:00:00,2018,215,EarlyGrainFilling,6.180105978988851,0,23.71436309814453,29.1200008392334,15.029999732971191,11.491043161328488,174.5335285569918,1,1,1,0.8883771565994142,NA,Simulation,71
1,1,Field,2018-08-04 12:00:00,2018,216,EarlyGrainFilling,6.228720284897037,0,24.632160186767578,33.439998626708984,16.530000686645508,12.627663188262911,219.6435779685574,1,1,1,0.6941088726679817,NA,Simulation,71
1,1,Field,2018-08-05 12:00:00,2018,217,EarlyGrainFilling,6.284906160176973,0,20.149538040161133,33.06999969482422,20.850000381469727,14.594393475714117,273.49710067286355,1,1,1,0.827228754188759,NA,Simulation,71
1,1,Field,2018-08-06 12:00:00,2018,218,EarlyGrainFilling,6.343681380561613,8.050000190734863,13.273256301879883,30.770000457763672,20.90999984741211,15.266981045350885,331.72059358403385,1,1,1,1,NA,Simulation,71
1,1,Field,2018-08-07 12:00:00,2018,219,EarlyGrainFilling,6.394791877485301,3.7799999713897705,12.788348197937012,27.969999313354492,19.049999237060547,13.27605379692185,383.6438129510543,1,1,1,1,NA,Simulation,71
1,1,Field,2018-08-08 12:00:00,2018,220,EarlyGrainFilling,6.443820062389241,9.130000114440918,11.839895248413086,26.799999237060547,18.90999984741211,12.735169085168334,434.656471909739,1,1,1,0.9999999999999999,NA,Simulation,71
1,1,Field,2018-08-09 12:00:00,2018,221,EarlyGrainFilling,6.496685349244837,36.27000045776367,17.161588668823242,31.149999618530273,16.889999389648438,13.731863991314665,490.8655703028205,1,1,1,0.9999999999999999,NA,Simulation,71
1,1,Field,2018-08-10 12:00:00,2018,222,EarlyGrainFilling,6.550120934396985,0,18.674400329589844,28.93000030517578,18.829999923706055,13.880000114440918,549.4755064245135,1,1,1,1,NA,Simulation,71
1,1,Field,2018-08-11 12:00:00,2018,223,EarlyGrainFilling,6.604287988542858,0,19.600526809692383,29.530000686645508,18.610000610351563,14.070000648498535,610.8580678906026,1,1,1,1,NA,Simulation,71
1,1,Field,2018-08-12 12:00:00,2018,224,EarlyGrainFilling,6.655182689130452,0,20.744300842285156,29.110000610351563,17.329999923706055,13.220000267028809,670.4707511908109,1,1,1,1,NA,Simulation,71
1,1,Field,2018-08-13 12:00:00,2018,225,EarlyGrainFilling,6.706289131322253,0,21.219518661499023,29.540000915527344,17.010000228881836,13.275000572204588,732.2952733858887,1,1,1,0.9988593026966771,NA,Simulation,71
1,1,Field,2018-08-14 12:00:00,2018,226,EarlyGrainFilling,6.7591289932575656,0,21.765472412109375,30.510000228881836,17.020000457763672,13.725259817421435,798.3059879806801,1,1,1,0.8970801462196005,NA,Simulation,71
1,1,Field,2018-08-15 12:00:00,2018,227,EarlyGrainFilling,6.810389424670541,0,16.774410247802734,27.81999969482422,18.809999465942383,13.3149995803833,864.3320319514975,1,1,1,1,NA,Simulation,71
1,1,Field,2018-08-16 12:00:00,2018,228,EarlyGrainFilling,6.867135858850522,3.130000114440918,12.771544456481934,29.469999313354492,20.010000228881836,14.739999771118166,937.8180413746063,1,1,1,1,NA,Simulation,71
1,1,Field,2018-08-17 12:00:00,2018,229,EarlyGrainFilling,6.919050760975153,3.609999895095825,10.873601913452148,27.260000228881836,19.709999084472656,13.484999656677246,1000.9461362561196,1,1,1,0.9999999999999999,NA,Simulation,71
1,1,Field,2018-08-18 12:00:00,2018,230,EarlyGrainFilling,6.968136042320436,0,16.878128051757813,27.200000762939453,18.299999237060547,12.75,1068.0587278240625,1,1,1,1,NA,Simulation,71
1,1,Field,2018-08-19 12:00:00,2018,231,MidGrainFilling,7.02540388357001,0,20.417278289794922,29.049999237060547,16.959999084472656,13.0049991607666,1138.1996853098376,1,1,1,0.8315862269323607,NA,Simulation,71
1,1,Field,2018-08-20 12:00:00,2018,232,MidGrainFilling,7.0890979775194,42.400001525878906,11.747092247009277,25.969999313354492,17.739999771118164,11.854999542236328,1203.663721125357,1,1,1,1,NA,Simulation,71
1,1,Field,2018-08-21 12:00:00,2018,233,MidGrainFilling,7.153168168310136,3.4700000286102295,9.532024383544922,25.170000076293945,18.68000030517578,11.925000190734863,1270.533696069831,1,1,1,0.9999999999999998,NA,Simulation,71
1,1,Field,2018-08-22 12:00:00,2018,234,MidGrainFilling,7.205230234767016,0,17.727928161621094,24.5,14.880000114440918,9.690000057220459,1325.4966484471083,0.9690000057220459,1,0.9690000057220459,1,NA,Simulation,71
1,1,Field,2018-08-23 12:00:00,2018,235,MidGrainFilling,7.257110485602875,0,22.08580207824707,26.290000915527344,12.039999961853027,9.656159806573392,1381.3591626251398,0.9165000438690186,1,0.9165000438690186,0.9999999999999999,NA,Simulation,71
1,1,Field,2018-08-24 12:00:00,2018,236,MidGrainFilling,7.3035453164623965,4.96999979019165,13.790946006774902,23.530000686645508,13.229999542236328,8.642636458897591,1432.4131289882007,0.8380000114440919,1,0.8380000114440919,1,NA,Simulation,71
1,1,Field,2018-08-25 12:00:00,2018,237,MidGrainFilling,7.363344158296893,1.649999976158142,18.02860450744629,26.399999618530273,15.859999656677246,11.129999637603758,1498.9973856608697,1,1,1,1,NA,Simulation,71
1,1,Field,2018-08-26 12:00:00,2018,238,MidGrainFilling,7.445312853884781,4.980000019073486,13.505854606628418,32.7400016784668,20.850000381469727,15.25634149760008,1592.0972640017633,1,1,1,1,NA,Simulation,71
1,1,Field,2018-08-27 12:00:00,2018,239,MidGrainFilling,7.532021780381033,0,15.101428031921387,32.70000076293945,23.18000030517578,16.138612235188486,1691.879381541598,1,1,1,0.9999999999999998,NA,Simulation,71
1,1,Field,2018-08-28 12:00:00,2018,240,MidGrainFilling,7.6161649475149185,3.380000114440918,12.459883689880371,32.72999954223633,21.93000030517578,15.661062839627265,1790.087161760841,1,1,1,1,NA,Simulation,71
1,1,Field,2018-08-29 12:00:00,2018,241,MidGrainFilling,7.681766374725525,1.6799999475479126,15.069684028625488,26.510000228881836,17.90999984741211,12.210000038146973,1867.4475499052273,1,1,1,0.9999999999999998,NA,Simulation,71
1,1,Field,2018-08-30 12:00:00,2018,242,MidGrainFilling,7.728188020038789,0,18.30426025390625,23.729999542236328,12.859999656677246,8.640182312285901,1922.8946071693326,0.8294999599456787,1,0.8294999599456787,1,NA,Simulation,71
1,1,Field,2018-08-31 12:00:00,2018,243,MidGrainFilling,7.78937229042716,3.2100000381469727,16.169631958007813,29.329999923706055,13.029999732971191,11.38786114176512,1996.895833756187,1,1,1,0.9999999999999998,NA,Simulation,71
1,1,Field,2018-09-01 12:00:00,2018,244,MidGrainFilling,7.861340438028164,0,17.690156936645508,29.149999618530273,17.639999389648438,13.394999504089357,2085.0429255579475,1,1,1,0.9999999999999998,NA,Simulation,71
1,1,Field,2018-09-02 12:00:00,2018,245,MidGrainFilling,7.945421640280301,0,16.202146530151367,32.349998474121094,21.5,15.649529687976838,2189.4029854814535,1,1,1,1,NA,Simulation,71
1,1,Field,2018-09-03 12:00:00,2018,246,LateGrainFilling,8.027586598603047,9.420000076293945,12.65943717956543,31.8700008392334,20.5,15.29287070286274,2292.500419120201,1,1,1,1,NA,Simulation,71
1,1,Field,2018-09-04 12:00:00,2018,247,LateGrainFilling,8.105539772828475,0,18.480424880981445,33.29999923706055,19.579999923706055,14.508956599533558,2390.99666236865,1,1,1,0.9540773135467255,NA,Simulation,71
1,1,Field,2018-09-05 12:00:00,2018,248,LateGrainFilling,8.185647520381007,22.6200008392334,13.023758888244629,33.290000915527344,20.649999618530273,14.909974405467509,2493.0648149521408,0.9802008460375892,0.9802008460375892,1,1,NA,Simulation,71
1,1,Field,2018-09-06 12:00:00,2018,249,LateGrainFilling,8.250443030180616,7.5,5.172327041625977,23.979999542236328,20.139999389648438,12.059999465942383,2576.115554452153,0.9750443123225817,0.9750443123225817,1,1,NA,Simulation,71
1,1,Field,2018-09-07 12:00:00,2018,250,LateGrainFilling,8.299630667094561,4.880000114440918,4.954876899719238,20.90999984741211,17.399999618530273,9.154999732971191,2639.129999495718,0.9154999732971192,0.980622179331753,0.9154999732971192,1,NA,Simulation,71
1,1,Field,2018-09-08 12:00:00,2018,251,LateGrainFilling,8.336018495600541,0,8.107824325561523,18.850000381469727,14.65999984741211,6.772648192846774,2685.706902001659,0.6755000114440919,0.9850333126047298,0.6755000114440919,1,NA,Simulation,71
1,1,Field,2018-09-09 12:00:00,2018,252,LateGrainFilling,8.373669874340795,0,14.611077308654785,20.43000030517578,12.270000457763672,7.0078252166509625,2733.8978852238724,0.6350000381469727,0.9837653019858595,0.6350000381469727,1,NA,Simulation,71
1,1,Field,2018-09-10 12:00:00,2018,253,LateGrainFilling,8.412889983328853,0,15.56092643737793,21.1200008392334,12.140000343322754,7.29980356529355,2784.212349352787,0.6630000591278077,0.9824801021534812,0.6630000591278077,0.9999999999999999,NA,Simulation,71
1,1,Field,2018-09-11 12:00:00,2018,254,LateGrainFilling,8.462298802546334,0,19.481090545654297,25.56999969482422,11.380000114440918,9.196167068034411,2847.7599476719306,0.8474999904632569,0.9767716655599953,0.8474999904632569,1,NA,Simulation,71
1,1,Field,2018-09-12 12:00:00,2018,255,LateGrainFilling,8.512781781471643,0,19.634037017822266,26.110000610351563,11.109999656677246,9.396093969494105,2912.9518884112067,0.8610000133514405,0.9752814276129314,0.8610000133514405,0.9999999999999999,NA,Simulation,71
1,1,Field,2018-09-13 12:00:00,2018,256,LateGrainFilling,8.562691092434651,0,18.451133728027344,25.43000030517578,12.220000267028809,9.289320593678951,2977.67333104262,0.8825000286102296,0.9741681133892591,0.8825000286102296,1,NA,Simulation,71
1,1,Field,2018-09-14 12:00:00,2018,257,LateGrainFilling,8.624966285265216,0,18.594459533691406,28.979999542236328,14.170000076293945,11.590907990396023,3058.76189529404,0.9649702708393696,0.9649702708393696,1,1,NA,Simulation,71
1,1,Field,2018-09-15 12:00:00,2018,258,LateGrainFilling,8.687720149920906,0,17.294416427612305,28.18000030517578,15.180000305175781,11.680000305175783,3140.943585114592,0.9623169776328709,0.9623169776328709,1,1,NA,Simulation,71
1,1,Field,2018-09-16 12:00:00,2018,259,LateGrainFilling,8.762732663652775,0,17.10791015625,31.260000228881836,17.299999237060547,13.961629105830191,3239.60441498647,0.9490423342217449,0.9490423342217449,1,0.9999999999999997,NA,Simulation,71
1,1,Field,2018-09-17 12:00:00,2018,260,LateGrainFilling,8.837220362377305,0,17.0970458984375,32.18000030517578,17.5,13.863948437404634,3337.886359873147,0.943701994351894,0.943701994351894,1,1,NA,Simulation,71
1,1,Field,2018-09-18 12:00:00,2018,261,LateGrainFilling,8.90655585770822,0,14.348904609680176,28.139999389648438,17.670000076293945,12.904999732971191,3429.5749029977424,0.9392197427255483,0.9392197427255483,1,1,NA,Simulation,71
1,1,Field,2018-09-19 12:00:00,2018,262,LateGrainFilling,8.976079398897875,0,15.766714096069336,29.209999084472656,16.670000076293945,12.9399995803833,3521.537835294302,0.9258563662826332,0.9258563662826332,1,1,NA,Simulation,71
1,1,Field,2018-09-20 12:00:00,2018,263,Maturing,9.205722266751097,1.690000057220459,16.607585906982422,33.88999938964844,18.209999084472656,13.709699963331222,3521.537835294302,0.9681417544753248,0.9681417544753248,1,0.9999999999999998,NA,Simulation,71
1,1,Field,2018-09-21 12:00:00,2018,264,Maturing,9.460500047919716,0,13.522160530090332,26.559999465942383,16.3700008392334,11.465000152587892,3521.537835294302,0.9844564773506485,0.9844564773506485,1,1,NA,Simulation,71
1,1,Field,2018-09-22 12:00:00,2018,265,Maturing,9.593269599897297,0,12.498395919799805,18.540000915527344,10.109999656677246,5.974629838991165,3521.537835294302,0.4325000286102295,0.9935272740206478,0.4325000286102295,1,NA,Simulation,71
1,1,Field,2018-09-23 12:00:00,2018,266,Maturing,9.768203033590547,0,17.734050750732422,23.75,7.820000171661377,7.8720045161962515,3521.537835294302,0.5785000085830688,0.9963380916544947,0.5785000085830688,1,NA,Simulation,71
1,1,Field,2018-09-24 12:00:00,2018,267,Maturing,9.938191564252872,15.170000076293945,12.100632667541504,22.81999969482422,9.460000038146973,7.649483879804611,3521.537835294302,0.6139999866485596,1,0.6139999866485596,1,NA,Simulation,71
1,1,Field,2018-09-25 12:00:00,2018,268,Ripening,10.1799693339774,18.479999542236328,11.169950485229492,27.219999313354492,14.539999961853027,10.87999963760376,3521.537835294302,1,1,1,1,NA,Simulation,71
1,1,Field,2018-09-26 12:00:00,2018,269,Ripening,10.320841706098152,0,11.21247386932373,19.190000534057617,11.180000305175781,6.339256745433808,3521.537835294302,0.51850004196167,1,0.51850004196167,1,NA,Simulation,71
1,1,Field,2018-09-27 12:00:00,2018,270,Ripening,10.458645000265074,0,15.261253356933594,19.639999389648438,7.190000057220459,6.201148237511516,3521.537835294302,0.34149997234344487,1,0.34149997234344487,1,NA,Simulation,71
1,1,Field,2018-09-28 12:00:00,2018,271,Ripening,10.60409505219476,0,14.662050247192383,20.3700008392334,8.289999961853027,6.545252336835862,3521.537835294302,0.4330000400543213,1,0.4330000400543213,1,NA,Simulation,71
1,1,Field,2018-09-29 12:00:00,2018,272,Ripening,10.72518388392041,0.4399999976158142,14.60167121887207,17.510000228881836,5.579999923706055,5.448997427654266,3521.537835294302,0.15450000762939453,1,0.15450000762939453,1,NA,Simulation,71
1,1,Field,2018-09-30 12:00:00,2018,273,Ripening,10.918858747202588,0,16.70181655883789,25.760000228881836,8.039999961853027,8.715368847697974,3521.537835294302,0.6900000095367432,1,0.6900000095367432,1,NA,Simulation,71
1,1,Field,2018-10-01 12:00:00,2018,274,ReadyForHarvesting,11,0,14.95946216583252,26.530000686645508,11.979999542236328,0,3521.537835294302,0.9255000114440919,1,0.9255000114440919,0.9999999999999997,NA,Simulation,71
1,1,Field,2018-10-02 12:00:00,2018,275,Germinating,1,0,11.507107734680176,21.440000534057617,12.020000457763672,6.7300004959106445,0,0.6730000495910645,1,0.6730000495910645,1,Harvested at Maturity.,Simulation,71
1,1,Field,2018-10-03 12:00:00,2018,276,Germinating,1,0,15.281941413879395,30.790000915527344,13.40999984741211,11.998949175143244,0,1,1,1,1,NA,Simulation,71
1,1,Field,2018-10-04 12:00:00,2018,277,Germinating,1,8.930000305175781,7.122634410858154,21.399999618530273,13.649999618530273,7.524999618530273,0,0.7524999618530274,1,0.7524999618530274,1,NA,Simulation,71
1,1,Field,2018-10-05 12:00:00,2018,278,Germinating,1,22.6200008392334,8.993115425109863,20.110000610351563,9.869999885559082,4.990000247955321,0,0.49900002479553224,1,0.49900002479553224,1,NA,Simulation,71
1,1,Field,2018-10-06 12:00:00,2018,279,Germinating,1,18.920000076293945,9.624950408935547,24.40999984741211,12.130000114440918,8.269999980926514,0,0.8269999980926515,1,0.8269999980926515,1,NA,Simulation,71
1,1,Field,2018-10-07 12:00:00,2018,280,Germinating,1,5.730000019073486,6.531928539276123,20.729999542236328,13.25,6.989999771118164,0,0.6989999771118165,1,0.6989999771118165,1,NA,Simulation,71
1,1,Field,2018-10-08 12:00:00,2018,281,Germinating,1,0,12.569707870483398,30.25,16.329999923706055,13.28999996185303,0,1,1,1,1,NA,Simulation,71
1,1,Field,2018-10-09 12:00:00,2018,282,Germinating,1,0,11.988419532775879,29.559999465942383,16.3700008392334,12.965000152587889,0,1,1,1,1,NA,Simulation,71
1,1,Field,2018-10-10 12:00:00,2018,283,Germinating,1,24.93000030517578,4.915859699249268,21.40999984741211,15.430000305175781,8.420000076293945,0,0.8420000076293945,1,0.8420000076293945,1,NA,Simulation,71
1,1,Field,2018-10-11 12:00:00,2018,284,Germinating,1,0,7.4808878898620605,13.300000190734863,6.920000076293945,1.048047084569931,0,0.01100001335144043,1,0.01100001335144043,1,NA,Simulation,71
1,1,Field,2018-10-12 12:00:00,2018,285,Germinating,1,1.6100000143051147,8.111824989318848,7.940000057220459,1.2300000190734863,0,0,0,1,0,1,NA,Simulation,71
1,1,Field,2018-10-13 12:00:00,2018,286,Germinating,1,0,11.7171049118042,11.84000015258789,0.9300000071525574,0.2967591609708966,0,0,1,0,1,NA,Simulation,71
1,1,Field,2018-10-14 12:00:00,2018,287,Germinating,1,1.8799999952316284,13.648550987243652,16.670000076293945,1.5700000524520874,1.9103150358974934,0,0,1,0,1,NA,Simulation,71
1,1,Field,2018-10-15 12:00:00,2018,288,Germinating,1,0,9.798680305480957,10.520000457763672,1.7699999809265137,0.03224224293529976,0,0,1,0,1,NA,Simulation,71
1,1,Field,2018-10-16 12:00:00,2018,289,Germinating,1,0,13.184557914733887,13.5,-0.8500000238418579,0.6914140614680946,0,0,1,0,1,NA,Simulation,71
1,1,Field,2018-10-17 12:00:00,2018,290,Germinating,1,0,10.175311088562012,10.119999885559082,0.7400000095367432,0,0,0,1,0,1,NA,Simulation,71
1,1,Field,2018-10-18 12:00:00,2018,291,Germinating,1,0,13.406342506408691,14.180000305175781,-1.7999999523162842,0.8758657282963398,0,0,1,0,1,NA,Simulation,71
1,1,Field,2018-10-19 12:00:00,2018,292,Germinating,1,1.190000057220459,11.10136604309082,12.649999618530273,1.340000033378601,0.5042389374040068,0,0,1,0,1,NA,Simulation,71
1,1,Field,2018-10-20 12:00:00,2018,293,Germinating,1,1.2699999809265137,9.301762580871582,12.619999885559082,3.7300000190734863,0.597729650363326,0,0,1,0,1,NA,Simulation,71
1,1,Field,2018-10-21 12:00:00,2018,294,Germinating,1,0,10.732902526855469,10.600000381469727,-0.30000001192092896,0.03419317121095955,0,0,1,0,1,NA,Simulation,71
1,1,Field,2018-10-22 12:00:00,2018,295,Germinating,1,0,12.712896347045898,16.950000762939453,0.3799999952316284,1.9116208090364935,0,0,1,0,1,NA,Simulation,71
1,1,Field,2018-10-23 12:00:00,2018,296,Germinating,1,0,9.722139358520508,12.1899995803833,2.190000057220459,0.39787490223050126,0,0,1,0,1,NA,Simulation,71
1,1,Field,2018-10-24 12:00:00,2018,297,Germinating,1,0,11.345087051391602,11.970000267028809,-1.0399999618530273,0.2978379383325578,0,0,1,0,1,NA,Simulation,71
1,1,Field,2018-10-25 12:00:00,2018,298,Germinating,1,0,9.893823623657227,10.199999809265137,-0.2800000011920929,0,0,0,1,0,1,NA,Simulation,71
1,1,Field,2018-10-26 12:00:00,2018,299,Germinating,1,0,8.3493804931640625,10.770000457763672,2.2100000381469727,0.0644211081624031,0,0,1,0,1,NA,Simulation,71
1,1,Field,2018-10-27 12:00:00,2018,300,Germinating,1,5.639999866485596,5.902433395385742,12.119999885559082,4.050000190734863,0.4457202827930451,0,0,1,0,1,NA,Simulation,71
1,1,Field,2018-10-28 12:00:00,2018,301,Germinating,1,4.570000171661377,5.6115827560424805,11.770000457763672,4.139999866485596,0.3335142085701228,0,0,1,0,1,NA,Simulation,71
1,1,Field,2018-10-29 12:00:00,2018,302,Germinating,1,0,8.78915786743164,12.460000038146973,2.9700000286102295,0.5117609513923527,0,0,1,0,1,NA,Simulation,71
1,1,Field,2018-10-30 12:00:00,2018,303,Germinating,1,20.209999084472656,8.381502151489258,19.56999969482422,3.8499999046325684,3.311306094899774,0,0.17099997997283936,1,0.17099997997283936,1,NA,Simulation,71
1,1,Field,2018-10-31 12:00:00,2018,304,Germinating,1,0,7.016279697418213,14.1899995803833,6.840000152587891,1.4015273441791534,0,0.05149998664855957,1,0.05149998664855957,1,NA,Simulation,71
1,1,Field,2018-11-01 12:00:00,2018,305,Germinating,1,9.640000343322754,1.8809734582901,8.869999885559082,6.639999866485596,0,0,0,1,0,1,NA,Simulation,71
1,1,Field,2018-11-02 12:00:00,2018,306,Germinating,1,0,6.73471736907959,9.319999694824219,2.640000104904175,0,0,0,1,0,1,NA,Simulation,71
1,1,Field,2018-11-03 12:00:00,2018,307,Germinating,1,2,9.309670448303223,11.210000038146973,0.5299999713897705,0.14270050853788874,0,0,1,0,1,NA,Simulation,71
1,1,Field,2018-11-04 12:00:00,2018,308,Germinating,1,8.649999618530273,5.773522853851318,11.5600004196167,3.299999952316284,0.2664098479121926,0,0,1,0,1,NA,Simulation,71
1,1,Field,2018-11-05 12:00:00,2018,309,Germinating,1,8.770000457763672,3.859205961227417,11.220000267028809,6.050000190734863,0.23373603433370604,0,0,1,0,1,NA,Simulation,71
1,1,Field,2018-11-06 12:00:00,2018,310,Germinating,1,0.4300000071525574,4.515886306762695,9.9399995803833,5.460000038146973,0,0,0,1,0,1,NA,Simulation,71
1,1,Field,2018-11-07 12:00:00,2018,311,Germinating,1,0,4.108100891113281,4.550000190734863,0.6700000166893005,0,0,0,1,0,1,NA,Simulation,71
1,1,Field,2018-11-08 12:00:00,2018,312,Germinating,1,1.149999976158142,5.524471282958984,5.590000152587891,0.25999999046325684,0,0,0,1,0,1,NA,Simulation,71
1,1,Field,2018-11-09 12:00:00,2018,313,Germinating,1,0,5.736561298370361,2.9800000190734863,-2.5899999141693115,0,0,0,1,0,1,NA,Simulation,71
1,1,Field,2018-11-10 12:00:00,2018,314,Germinating,1,0,7.506949424743652,0.8500000238418579,-7,0,0,0,1,0,1,NA,Simulation,71
1,1,Field,2018-11-11 12:00:00,2018,315,Germinating,1,0,8.884564399719238,5.610000133514404,-5.150000095367432,0,0,0,1,0,1,NA,Simulation,71
1,1,Field,2018-11-12 12:00:00,2018,316,Germinating,1,1.559999942779541,6.657971382141113,4.190000057220459,-2.8399999141693115,0,0,0,1,0,1,NA,Simulation,71
1,1,Field,2018-11-13 12:00:00,2018,317,Germinating,1,0,5.180476665496826,-0.44999998807907104,-5.539999961853027,0,0,0,1,0,1,NA,Simulation,71
1,1,Field,2018-11-14 12:00:00,2018,318,Germinating,1,4.099999904632568,7.391345500946045,2.2100000381469727,-8.760000228881836,0,0,0,1,0,1,NA,Simulation,71
1,1,Field,2018-11-15 12:00:00,2018,319,Germinating,1,3.0999999046325684,5.355778217315674,0.9200000166893005,-5.730000019073486,0,0,0,1,0,1,NA,Simulation,71
1,1,Field,2018-11-16 12:00:00,2018,320,Germinating,1,0,8.155716896057129,4.039999961853027,-4.130000114440918,0,0,0,1,0,1,NA,Simulation,71
1,1,Field,2018-11-17 12:00:00,2018,321,Germinating,1,6.340000152587891,3.2296156883239746,3.359999895095825,-0.38999998569488525,0,0,0,1,0,1,NA,Simulation,71
1,1,Field,2018-11-18 12:00:00,2018,322,Germinating,1,0,5.646745204925537,3.619999885559082,-2.059999942779541,0,0,0,1,0,1,NA,Simulation,71
1,1,Field,2018-11-19 12:00:00,2018,323,Germinating,1,0,6.067923545837402,2.4600000381469727,-3.759999990463257,0,0,0,1,0,1,NA,Simulation,71
1,1,Field,2018-11-20 12:00:00,2018,324,Germinating,1,0,4.527318000793457,1.909999966621399,-2.4700000286102295,0,0,0,1,0,1,NA,Simulation,71
1,1,Field,2018-11-21 12:00:00,2018,325,Germinating,1,0,5.3688764572143555,2.690000057220459,-2.5199999809265137,0,0,0,1,0,1,NA,Simulation,71
1,1,Field,2018-11-22 12:00:00,2018,326,Germinating,1,0,5.40527868270874,2.190000057220459,-3.049999952316284,0,0,0,1,0,1,NA,Simulation,71
1,1,Field,2018-11-23 12:00:00,2018,327,Germinating,1,4.949999809265137,6.3910112380981445,9.829999923706055,-2.119999885559082,0,0,0,1,0,1,NA,Simulation,71
1,1,Field,2018-11-24 12:00:00,2018,328,Germinating,1,0,6.305147171020508,8.970000267028809,2.2799999713897705,0,0,0,1,0,1,NA,Simulation,71
1,1,Field,2018-11-25 12:00:00,2018,329,Germinating,1,26.59000015258789,4.361461162567139,7.239999771118164,1.2599999904632568,0,0,0,1,0,1,NA,Simulation,71
1,1,Field,2018-11-26 12:00:00,2018,330,Germinating,1,0.09000000357627869,4.619035243988037,3.009999990463257,-1.4299999475479126,0,0,0,1,0,1,NA,Simulation,71
1,1,Field,2018-11-27 12:00:00,2018,331,Germinating,1,0,3.457956075668335,-3.299999952316284,-6.440000057220459,0,0,0,1,0,1,NA,Simulation,71
1,1,Field,2018-11-28 12:00:00,2018,332,Germinating,1,0,5.7460618019104,-2.4000000953674316,-8.020000457763672,0,0,0,1,0,1,NA,Simulation,71
1,1,Field,2018-11-29 12:00:00,2018,333,Germinating,1,0,7.6793532371521,3.8299999237060547,-5.440000057220459,0,0,0,1,0,1,NA,Simulation,71
1,1,Field,2018-11-30 12:00:00,2018,334,Germinating,1,0,6.368675231933594,4.980000019073486,-1.7400000095367432,0,0,0,1,0,1,NA,Simulation,71
1,1,Field,2018-12-01 12:00:00,2018,335,Germinating,1,16.209999084472656,5.862686634063721,10.5600004196167,-0.6100000143051147,0.028182363327592608,0,0,1,0,1,NA,Simulation,71
1,1,Field,2018-12-02 12:00:00,2018,336,Germinating,1,4.039999961853027,4.850578784942627,9.329999923706055,1.7999999523162842,0,0,0,1,0,1,NA,Simulation,71
1,1,Field,2018-12-03 12:00:00,2018,337,Germinating,1,6.260000228881836,2.3483762741088867,3.3299999237060547,0.3400000035762787,0,0,0,1,0,1,NA,Simulation,71
1,1,Field,2018-12-04 12:00:00,2018,338,Germinating,1,0.1899999976158142,3.1686344146728516,0.6299999952316284,-2.3399999141693115,0,0,0,1,0,1,NA,Simulation,71
1,1,Field,2018-12-05 12:00:00,2018,339,Germinating,1,0,3.9043519496917725,-0.4399999976158142,-4.150000095367432,0,0,0,1,0,1,NA,Simulation,71
1,1,Field,2018-12-06 12:00:00,2018,340,Germinating,1,0,5.047804832458496,0.3199999928474426,-4.71999979019165,0,0,0,1,0,1,NA,Simulation,71
1,1,Field,2018-12-07 12:00:00,2018,341,Germinating,1,0,6.978383541107178,-1.1200000047683716,-9.489999771118164,0,0,0,1,0,1,NA,Simulation,71
1,1,Field,2018-12-08 12:00:00,2018,342,Germinating,1,0,6.57069730758667,-1.8600000143051147,-9.4399995803833,0,0,0,1,0,1,NA,Simulation,71
1,1,Field,2018-12-09 12:00:00,2018,343,Germinating,1,0,7.844601154327393,1.2100000381469727,-11.380000114440918,0,0,0,1,0,1,NA,Simulation,71
1,1,Field,2018-12-10 12:00:00,2018,344,Germinating,1,0,6.8185248374938965,-0.38999998569488525,-8.949999809265137,0,0,0,1,0,1,NA,Simulation,71
1,1,Field,2018-12-11 12:00:00,2018,345,Germinating,1,0,7.193179130554199,3.509999990463257,-6.440000057220459,0,0,0,1,0,1,NA,Simulation,71
1,1,Field,2018-12-12 12:00:00,2018,346,Germinating,1,0,7.301011085510254,6.869999885559082,-4.090000152587891,0,0,0,1,0,1,NA,Simulation,71
1,1,Field,2018-12-13 12:00:00,2018,347,Germinating,1,12.3100004196167,5.409926414489746,6.239999771118164,-4.559999942779541,0,0,0,1,0,1,NA,Simulation,71
1,1,Field,2018-12-14 12:00:00,2018,348,Germinating,1,2.5199999809265137,4.654246807098389,6.179999828338623,-1.6799999475479126,0,0,0,1,0,1,NA,Simulation,71
1,1,Field,2018-12-15 12:00:00,2018,349,Germinating,1,0,5.952149391174316,7.880000114440918,0.4099999964237213,0,0,0,1,0,1,NA,Simulation,71
1,1,Field,2018-12-16 12:00:00,2018,350,Germinating,1,0,7.286619663238525,8.619999885559082,-3.109999895095825,0,0,0,1,0,1,NA,Simulation,71
1,1,Field,2018-12-17 12:00:00,2018,351,Germinating,1,0,6.148805141448975,4.360000133514404,-3.5899999141693115,0,0,0,1,0,1,NA,Simulation,71
1,1,Field,2018-12-18 12:00:00,2018,352,Germinating,1,0,7.07739782333374,5.130000114440918,-5.690000057220459,0,0,0,1,0,1,NA,Simulation,71
1,1,Field,2018-12-19 12:00:00,2018,353,Germinating,1,0,7.280913829803467,9.460000038146973,-3.059999942779541,0,0,0,1,0,1,NA,Simulation,71
1,1,Field,2018-12-20 12:00:00,2018,354,Germinating,1,1.5099999904632568,6.120952606201172,10.050000190734863,1.399999976158142,0,0,0,1,0,1,NA,Simulation,71
1,1,Field,2018-12-21 12:00:00,2018,355,Germinating,1,0.3700000047683716,2.528242349624634,3.559999942779541,0.6899999976158142,0,0,0,1,0,1,NA,Simulation,71
1,1,Field,2018-12-22 12:00:00,2018,356,Germinating,1,0,2.419628620147705,1.2300000190734863,-1.4500000476837158,0,0,0,1,0,1,NA,Simulation,71
1,1,Field,2018-12-23 12:00:00,2018,357,Germinating,1,0,4.146929740905762,3.2300000190734863,-1.5399999618530273,0,0,0,1,0,1,NA,Simulation,71
1,1,Field,2018-12-24 12:00:00,2018,358,Germinating,1,0,5.421905040740967,1.649999976158142,-4.920000076293945,0,0,0,1,0,1,NA,Simulation,71
1,1,Field,2018-12-25 12:00:00,2018,359,Germinating,1,0,7.331688404083252,8.039999961853027,-4.360000133514404,0,0,0,1,0,1,NA,Simulation,71
1,1,Field,2018-12-26 12:00:00,2018,360,Germinating,1,0,7.391538143157959,8.829999923706055,-4.239999771118164,0,0,0,1,0,1,NA,Simulation,71
1,1,Field,2018-12-27 12:00:00,2018,361,Germinating,1,10.729999542236328,5.367275238037109,11.84000015258789,-0.6200000047683716,0.27356728579252976,0,0,1,0,1,NA,Simulation,71
1,1,Field,2018-12-28 12:00:00,2018,362,Germinating,1,0,5.8185038566589355,9.029999732971191,0.9100000262260437,0,0,0,1,0,1,NA,Simulation,71
1,1,Field,2018-12-29 12:00:00,2018,363,Germinating,1,0,2.3935446739196777,-0.36000001430511475,-3.059999942779541,0,0,0,1,0,1,NA,Simulation,71
1,1,Field,2018-12-30 12:00:00,2018,364,Germinating,1,3.7699999809265137,5.612814903259277,2.2899999618530273,-7.420000076293945,0,0,0,1,0,1,NA,Simulation,71
1,1,Field,2018-12-31 12:00:00,2018,365,Germinating,1,21.360000610351563,5.675477504730225,5.679999828338623,-4.329999923706055,0,0,0,1,0,1,NA,Simulation,71
1,1,Field,2019-01-01 12:00:00,2019,1,Germinating,1,0,2.0009610652923584,2,-0.1599999964237213,0,0,0,1,0,1,NA,Simulation,71
1,1,Field,2019-01-02 12:00:00,2019,2,Germinating,1,0,1.6655099391937256,0.05000000074505806,-1.6299999952316284,0,0,0,1,0,1,NA,Simulation,71
1,1,Field,2019-01-03 12:00:00,2019,3,Germinating,1,0,6.382140159606934,3.819999933242798,-4.599999904632568,0,0,0,1,0,1,NA,Simulation,71
1,1,Field,2019-01-04 12:00:00,2019,4,Germinating,1,0,7.610372543334961,9.579999923706055,-3.1500000953674316,0,0,0,1,0,1,NA,Simulation,71
1,1,Field,2019-01-05 12:00:00,2019,5,Germinating,1,0,7.889838695526123,11.289999961853027,-3.319999933242798,0.10655380812436333,0,0,1,0,1,NA,Simulation,71
1,1,Field,2019-01-06 12:00:00,2019,6,Germinating,1,0,5.572860240936279,5.639999866485596,-1.1399999856948853,0,0,0,1,0,1,NA,Simulation,71
1,1,Field,2019-01-07 12:00:00,2019,7,Germinating,1,1.7400000095367432,7.262917518615723,12.770000457763672,1.7599999904632568,0.562223588936031,0,0,1,0,1,NA,Simulation,71
1,1,Field,2019-01-08 12:00:00,2019,8,Germinating,1,0,6.703846454620361,8.880000114440918,-0.03999999910593033,0,0,0,1,0,1,NA,Simulation,71
1,1,Field,2019-01-09 12:00:00,2019,9,Germinating,1,0,3.63746976852417,-3.4100000858306885,-7.28000020980835,0,0,0,1,0,1,NA,Simulation,71
1,1,Field,2019-01-10 12:00:00,2019,10,Germinating,1,0,4.548839092254639,-2.890000104904175,-7.809999942779541,0,0,0,1,0,1,NA,Simulation,71
1,1,Field,2019-01-11 12:00:00,2019,11,Germinating,1,0,4.642104148864746,-0.8500000238418579,-5.860000133514404,0,0,0,1,0,1,NA,Simulation,71
1,1,Field,2019-01-12 12:00:00,2019,12,Germinating,1,5.159999847412109,1.4647446870803833,-1.940000057220459,-3.799999952316284,0,0,0,1,0,1,NA,Simulation,71
1,1,Field,2019-01-13 12:00:00,2019,13,Germinating,1,0,5.648555755615234,-0.7400000095367432,-6.940000057220459,0,0,0,1,0,1,NA,Simulation,71
1,1,Field,2019-01-14 12:00:00,2019,14,Germinating,1,0,8.249676704406738,-1.5,-13.100000381469727,0,0,0,1,0,1,NA,Simulation,71
1,1,Field,2019-01-15 12:00:00,2019,15,Germinating,1,0,7.52664852142334,-0.20000000298023224,-9.4399995803833,0,0,0,1,0,1,NA,Simulation,71
1,1,Field,2019-01-16 12:00:00,2019,16,Germinating,1,0,5.427238941192627,1.6799999475479126,-4.050000190734863,0,0,0,1,0,1,NA,Simulation,71
1,1,Field,2019-01-17 12:00:00,2019,17,Germinating,1,0,4.478163242340088,1.159999966621399,-3.380000114440918,0,0,0,1,0,1,NA,Simulation,71
1,1,Field,2019-01-18 12:00:00,2019,18,Germinating,1,3.630000114440918,2.547163248062134,0.7099999785423279,-2.5999999046325684,0,0,0,1,0,1,NA,Simulation,71
1,1,Field,2019-01-19 12:00:00,2019,19,Germinating,1,0.8999999761581421,3.956024646759033,-2.930000066757202,-6.329999923706055,0,0,0,1,0,1,NA,Simulation,71
1,1,Field,2019-01-20 12:00:00,2019,20,Germinating,1,0.9700000286102295,5.6895527839660645,-8.15999984741211,-13.109999656677246,0,0,0,1,0,1,NA,Simulation,71
1,1,Field,2019-01-21 12:00:00,2019,21,Germinating,1,0,7.8806633949279785,-9.65999984741211,-16.989999771118164,0,0,0,1,0,1,NA,Simulation,71
1,1,Field,2019-01-22 12:00:00,2019,22,Germinating,1,11.079999923706055,8.207204818725586,2.059999942779541,-15.039999961853027,0,0,0,1,0,1,NA,Simulation,71
1,1,Field,2019-01-23 12:00:00,2019,23,Germinating,1,3.9100000858306885,7.707154750823975,4.420000076293945,-7.650000095367432,0,0,0,1,0,1,NA,Simulation,71
1,1,Field,2019-01-24 12:00:00,2019,24,Germinating,1,0,8.240412712097168,-4.130000114440918,-11.510000228881836,0,0,0,1,0,1,NA,Simulation,71
1,1,Field,2019-01-25 12:00:00,2019,25,Germinating,1,1.5,8.054699897766113,-11.640000343322754,-18.540000915527344,0,0,0,1,0,1,NA,Simulation,71
