CheckpointID,SimulationID,Zone,Date,Year,Month,Day,StageName,Stage,Rain,Radn,MaxT,MinT,Yieldkgha,FracGrowthRate,NutrientStress,TempStress,WaterStress,SimulationName,id_trial
1,1,Field,1997-01-01 12:00:00,1997,1,1,,1,0,6.0226240158081055,0.4099999964237213,-10.699999809265137,0,0,1,0,1,Simulation,18
1,1,Field,1997-01-02 12:00:00,1997,1,2,,1,0,5.5141282081604,3.6500000953674316,-5.900000095367432,0,0,1,0,1,Simulation,18
1,1,Field,1997-01-03 12:00:00,1997,1,3,,1,23.010000228881836,2.4689815044403076,0.3799999952316284,-4.570000171661377,0,0,1,0,1,Simulation,18
1,1,Field,1997-01-04 12:00:00,1997,1,4,,1,27.040000915527344,3.6442599296569824,-2.559999942779541,-10,0,0,1,0,1,Simulation,18
1,1,Field,1997-01-05 12:00:00,1997,1,5,,1,0,4.000864028930664,-12.630000114440918,-18.360000610351563,0,0,1,0,1,Simulation,18
1,1,Field,1997-01-06 12:00:00,1997,1,6,,1,0,4.639588832855225,-15.920000076293945,-22.639999389648438,0,0,1,0,1,Simulation,18
1,1,Field,1997-01-07 12:00:00,1997,1,7,,1,0,7.567507266998291,-7.369999885559082,-23.950000762939453,0,0,1,0,1,Simulation,18
1,1,Field,1997-01-08 12:00:00,1997,1,8,,1,0,5.695103645324707,-6.760000228881836,-15.479999542236328,0,0,1,0,1,Simulation,18
1,1,Field,1997-01-09 12:00:00,1997,1,9,,1,0,6.717050075531006,-11.6899995803833,-22.809999465942383,0,0,1,0,1,Simulation,18
1,1,Field,1997-01-10 12:00:00,1997,1,10,,1,0,2.725299835205078,-23.65999984741211,-27.18000030517578,0,0,1,0,1,Simulation,18
1,1,Field,1997-01-11 12:00:00,1997,1,11,,1,0,3.3044164180755615,-23.049999237060547,-27.350000381469727,0,0,1,0,1,Simulation,18
1,1,Field,1997-01-12 12:00:00,1997,1,12,,1,0,6.239032745361328,-18.84000015258789,-28.040000915527344,0,0,1,0,1,Simulation,18
1,1,Field,1997-01-13 12:00:00,1997,1,13,,1,0,6.259727954864502,-16.600000381469727,-25.729999542236328,0,0,1,0,1,Simulation,18
1,1,Field,1997-01-14 12:00:00,1997,1,14,,1,0,7.633027076721191,-10.869999885559082,-23.989999771118164,0,0,1,0,1,Simulation,18
1,1,Field,1997-01-15 12:00:00,1997,1,15,,1,0,5.908469200134277,-10.460000038146973,-18.6200008392334,0,0,1,0,1,Simulation,18
1,1,Field,1997-01-16 12:00:00,1997,1,16,,1,0,5.330142021179199,-18.770000457763672,-25.729999542236328,0,0,1,0,1,Simulation,18
1,1,Field,1997-01-17 12:00:00,1997,1,17,,1,0,7.098550796508789,-19.40999984741211,-29.729999542236328,0,0,1,0,1,Simulation,18
1,1,Field,1997-01-18 12:00:00,1997,1,18,,1,0,8.902125358581543,-4.380000114440918,-27.239999771118164,0,0,1,0,1,Simulation,18
1,1,Field,1997-01-19 12:00:00,1997,1,19,,1,0,7.451836585998535,-0.7799999713897705,-11.899999618530273,0,0,1,0,1,Simulation,18
1,1,Field,1997-01-20 12:00:00,1997,1,20,,1,0,6.86135196685791,-0.05000000074505806,-9.510000228881836,0,0,1,0,1,Simulation,18
1,1,Field,1997-01-21 12:00:00,1997,1,21,,1,0,6.674594402313232,2.2899999618530273,-6.670000076293945,0,0,1,0,1,Simulation,18
1,1,Field,1997-01-22 12:00:00,1997,1,22,,1,0,8.216479301452637,-7.420000076293945,-19.59000015258789,0,0,1,0,1,Simulation,18
1,1,Field,1997-01-23 12:00:00,1997,1,23,,1,1.8700000047683716,8.410360336303711,-11.880000114440918,-24.18000030517578,0,0,1,0,1,Simulation,18
1,1,Field,1997-01-24 12:00:00,1997,1,24,,1,0,6.761178970336914,-16.030000686645508,-24.239999771118164,0,0,1,0,1,Simulation,18
1,1,Field,1997-01-25 12:00:00,1997,1,25,,1,0,5.327454090118408,-22.68000030517578,-28.6299991607666,0,0,1,0,1,Simulation,18
1,1,Field,1997-01-26 12:00:00,1997,1,26,,1,0,6.525101184844971,-20.700000762939453,-28.200000762939453,0,0,1,0,1,Simulation,18
1,1,Field,1997-01-27 12:00:00,1997,1,27,,1,0,5.862504959106445,-20.690000534057617,-27.1299991607666,0,0,1,0,1,Simulation,18
1,1,Field,1997-01-28 12:00:00,1997,1,28,,1,0,7.866882801055908,-19.06999969482422,-28.420000076293945,0,0,1,0,1,Simulation,18
1,1,Field,1997-01-29 12:00:00,1997,1,29,,1,0,8.509332656860352,-13.550000190734863,-24.010000228881836,0,0,1,0,1,Simulation,18
1,1,Field,1997-01-30 12:00:00,1997,1,30,,1,0,10.58984375,2.25,-20.59000015258789,0,0,1,0,1,Simulation,18
1,1,Field,1997-01-31 12:00:00,1997,1,31,,1,0,9.05909538269043,3.6700000762939453,-7.960000038146973,0,0,1,0,1,Simulation,18
1,1,Field,1997-02-01 12:00:00,1997,2,1,,1,0,7.480722427368164,2.4100000858306885,-5.840000152587891,0,0,1,0,1,Simulation,18
1,1,Field,1997-02-02 12:00:00,1997,2,2,,1,0,5.583726406097412,-2.0799999237060547,-7.690000057220459,0,0,1,0,1,Simulation,18
1,1,Field,1997-02-03 12:00:00,1997,2,3,,1,9.270000457763672,3.4071567058563232,-1.6299999952316284,-5.980000019073486,0,0,1,0,1,Simulation,18
1,1,Field,1997-02-04 12:00:00,1997,2,4,,1,7.940000057220459,3.4236526489257813,-2.869999885559082,-7.119999885559082,0,0,1,0,1,Simulation,18
1,1,Field,1997-02-05 12:00:00,1997,2,5,,1,0,4.080804347991943,-4.360000133514404,-8.010000228881836,0,0,1,0,1,Simulation,18
1,1,Field,1997-02-06 12:00:00,1997,2,6,,1,0,5.083352088928223,-5.75,-10.119999885559082,0,0,1,0,1,Simulation,18
1,1,Field,1997-02-07 12:00:00,1997,2,7,,1,0,9.2528076171875,-6.809999942779541,-15.729999542236328,0,0,1,0,1,Simulation,18
1,1,Field,1997-02-08 12:00:00,1997,2,8,,1,0,11.346654891967773,-11.40999984741211,-24.389999389648438,0,0,1,0,1,Simulation,18
1,1,Field,1997-02-09 12:00:00,1997,2,9,,1,0,10.828959465026855,-7.800000190734863,-19.270000457763672,0,0,1,0,1,Simulation,18
1,1,Field,1997-02-10 12:00:00,1997,2,10,,1,0,9.5599822998046875,-8.010000228881836,-17.06999969482422,0,0,1,0,1,Simulation,18
1,1,Field,1997-02-11 12:00:00,1997,2,11,,1,0,11.7716064453125,-7.309999942779541,-20.600000381469727,0,0,1,0,1,Simulation,18
1,1,Field,1997-02-12 12:00:00,1997,2,12,,1,0,12.844667434692383,-10.6899995803833,-28.049999237060547,0,0,1,0,1,Simulation,18
1,1,Field,1997-02-13 12:00:00,1997,2,13,,1,0,13.005427360534668,-2.1700000762939453,-19.93000030517578,0,0,1,0,1,Simulation,18
1,1,Field,1997-02-14 12:00:00,1997,2,14,,1,0,9.726367950439453,-4.199999809265137,-13.130000114440918,0,0,1,0,1,Simulation,18
1,1,Field,1997-02-15 12:00:00,1997,2,15,,1,0,11.79560375213623,-6.090000152587891,-18.200000762939453,0,0,1,0,1,Simulation,18
1,1,Field,1997-02-16 12:00:00,1997,2,16,,1,0,13.09589958190918,-4.71999979019165,-20.049999237060547,0,0,1,0,1,Simulation,18
1,1,Field,1997-02-17 12:00:00,1997,2,17,,1,0,13.45225715637207,3.690000057220459,-12.489999771118164,0,0,1,0,1,Simulation,18
1,1,Field,1997-02-18 12:00:00,1997,2,18,,1,0,11.753602027893066,4.519999980926514,-6.769999980926514,0,0,1,0,1,Simulation,18
1,1,Field,1997-02-19 12:00:00,1997,2,19,,1,0,13.815529823303223,1.850000023841858,-14.119999885559082,0,0,1,0,1,Simulation,18
1,1,Field,1997-02-20 12:00:00,1997,2,20,,1,0,11.825638771057129,3.9100000858306885,-7.090000152587891,0,0,1,0,1,Simulation,18
1,1,Field,1997-02-21 12:00:00,1997,2,21,,1,0,9.368699073791504,-1.909999966621399,-9.40999984741211,0,0,1,0,1,Simulation,18
1,1,Field,1997-02-22 12:00:00,1997,2,22,,1,0,13.344390869140625,-0.7200000286102295,-13.359999656677246,0,0,1,0,1,Simulation,18
1,1,Field,1997-02-23 12:00:00,1997,2,23,,1,0,11.551736831665039,-10.649999618530273,-20.059999465942383,0,0,1,0,1,Simulation,18
1,1,Field,1997-02-24 12:00:00,1997,2,24,,1,0,12.660903930664063,-9.869999885559082,-20.600000381469727,0,0,1,0,1,Simulation,18
1,1,Field,1997-02-25 12:00:00,1997,2,25,,1,0,15.270852088928223,1.2000000476837158,-15.510000228881836,0,0,1,0,1,Simulation,18
1,1,Field,1997-02-26 12:00:00,1997,2,26,,1,0,11.722782135009766,-2.190000057220459,-11.739999771118164,0,0,1,0,1,Simulation,18
1,1,Field,1997-02-27 12:00:00,1997,2,27,,1,0,13.816112518310547,-5.75,-17.860000610351563,0,0,1,0,1,Simulation,18
1,1,Field,1997-02-28 12:00:00,1997,2,28,,1,6.050000190734863,10.10777473449707,-0.07000000029802322,-11.449999809265137,0,0,1,0,1,Simulation,18
1,1,Field,1997-03-01 12:00:00,1997,3,1,,1,0,11.130297660827637,-2.5899999141693115,-10.65999984741211,0,0,1,0,1,Simulation,18
1,1,Field,1997-03-02 12:00:00,1997,3,2,,1,0,16.4770565032959,-2.740000009536743,-18.739999771118164,0,0,1,0,1,Simulation,18
1,1,Field,1997-03-03 12:00:00,1997,3,3,,1,2.680000066757202,10.798887252807617,1.5199999809265137,-10.0600004196167,0,0,1,0,1,Simulation,18
1,1,Field,1997-03-04 12:00:00,1997,3,4,,1,0,14.41454792022705,-5.389999866485596,-16.65999984741211,0,0,1,0,1,Simulation,18
1,1,Field,1997-03-05 12:00:00,1997,3,5,,1,0,17.44862937927246,-9.329999923706055,-26.59000015258789,0,0,1,0,1,Simulation,18
1,1,Field,1997-03-06 12:00:00,1997,3,6,,1,0,15.060260772705078,-10.119999885559082,-22.219999313354492,0,0,1,0,1,Simulation,18
1,1,Field,1997-03-07 12:00:00,1997,3,7,,1,0,16.52082633972168,-3.2200000286102295,-17.860000610351563,0,0,1,0,1,Simulation,18
1,1,Field,1997-03-08 12:00:00,1997,3,8,,1,0,17.58224868774414,3.2899999618530273,-13.949999809265137,0,0,1,0,1,Simulation,18
1,1,Field,1997-03-09 12:00:00,1997,3,9,,1,0,11.629229545593262,2.559999942779541,-6.070000171661377,0,0,1,0,1,Simulation,18
1,1,Field,1997-03-10 12:00:00,1997,3,10,,1,0,11.765503883361816,4.460000038146973,-4.119999885559082,0,0,1,0,1,Simulation,18
1,1,Field,1997-03-11 12:00:00,1997,3,11,,1,0,12.386606216430664,0.3199999928474426,-8.479999542236328,0,0,1,0,1,Simulation,18
1,1,Field,1997-03-12 12:00:00,1997,3,12,,1,3.25,4.766398906707764,-3.009999990463257,-7.03000020980835,0,0,1,0,1,Simulation,18
1,1,Field,1997-03-13 12:00:00,1997,3,13,,1,7.03000020980835,5.07423734664917,-5,-9.109999656677246,0,0,1,0,1,Simulation,18
1,1,Field,1997-03-14 12:00:00,1997,3,14,,1,2.819999933242798,8.825727462768555,-10.390000343322754,-17.56999969482422,0,0,1,0,1,Simulation,18
1,1,Field,1997-03-15 12:00:00,1997,3,15,,1,0,19.927106857299805,-6.960000038146973,-23.329999923706055,0,0,1,0,1,Simulation,18
1,1,Field,1997-03-16 12:00:00,1997,3,16,,1,0,21.240478515625,3.5399999618530273,-17.940000534057617,0,0,1,0,1,Simulation,18
1,1,Field,1997-03-17 12:00:00,1997,3,17,,1,0,14.2333402633667,-0.5,-9.470000267028809,0,0,1,0,1,Simulation,18
1,1,Field,1997-03-18 12:00:00,1997,3,18,,1,0,14.159540176391602,-0.1599999964237213,-8.779999732971191,0,0,1,0,1,Simulation,18
1,1,Field,1997-03-19 12:00:00,1997,3,19,,1,0,18.006921768188477,4.949999809265137,-7.039999961853027,0,0,1,0,1,Simulation,18
1,1,Field,1997-03-20 12:00:00,1997,3,20,,1,0,17.08315086364746,5.309999942779541,-5.5,0,0,1,0,1,Simulation,18
1,1,Field,1997-03-21 12:00:00,1997,3,21,,1,0,11.76537036895752,5.360000133514404,-1.149999976158142,0,0,1,0,1,Simulation,18
1,1,Field,1997-03-22 12:00:00,1997,3,22,,1,0,14.857272148132324,3.630000114440918,-4.710000038146973,0,0,1,0,1,Simulation,18
1,1,Field,1997-03-23 12:00:00,1997,3,23,,1,0,12.52315616607666,1.0199999809265137,-5.610000133514404,0,0,1,0,1,Simulation,18
1,1,Field,1997-03-24 12:00:00,1997,3,24,,1,3.9000000953674316,7.868095874786377,2.190000057220459,-3.0999999046325684,0,0,1,0,1,Simulation,18
1,1,Field,1997-03-25 12:00:00,1997,3,25,,1,0,11.329474449157715,3.3499999046325684,-2.309999942779541,0,0,1,0,1,Simulation,18
1,1,Field,1997-03-26 12:00:00,1997,3,26,,1,0,20.521915435791016,9.260000228881836,-3.3499999046325684,0,0,1,0,1,Simulation,18
1,1,Field,1997-03-27 12:00:00,1997,3,27,,1,0,16.935626983642578,10.569999694824219,1.5499999523162842,0,0,1,0,1,Simulation,18
1,1,Field,1997-03-28 12:00:00,1997,3,28,,1,0,12.111156463623047,5.670000076293945,-0.12999999523162842,0,0,1,0,1,Simulation,18
1,1,Field,1997-03-29 12:00:00,1997,3,29,,1,0,18.58588409423828,6.300000190734863,-3.369999885559082,0,0,1,0,1,Simulation,18
1,1,Field,1997-03-30 12:00:00,1997,3,30,,1,0,19.639184951782227,7.210000038146973,-3.1600000858306885,0,0,1,0,1,Simulation,18
1,1,Field,1997-03-31 12:00:00,1997,3,31,,1,0,23.404821395874023,13.510000228881836,-1.7999999523162842,0,0,1,0,1,Simulation,18
1,1,Field,1997-04-01 12:00:00,1997,4,1,,1,0,21.3585262298584,14.680000305175781,2.5399999618530273,0,0,1,0,1,Simulation,18
1,1,Field,1997-04-02 12:00:00,1997,4,2,,1,4.130000114440918,12.229512214660645,8.899999618530273,1.100000023841858,0,0,1,0,1,Simulation,18
1,1,Field,1997-04-03 12:00:00,1997,4,3,,1,0,23.254270553588867,12.279999732971191,-1.5299999713897705,0,0,1,0,1,Simulation,18
1,1,Field,1997-04-04 12:00:00,1997,4,4,,1,10.050000190734863,14.528340339660645,13.109999656677246,3.4800000190734863,0,0,1,0,1,Simulation,18
1,1,Field,1997-04-05 12:00:00,1997,4,5,,1,32.93000030517578,12.622986793518066,9.239999771118164,1.6299999952316284,0,0,1,0,1,Simulation,18
1,1,Field,1997-04-06 12:00:00,1997,4,6,,1,10.119999885559082,14.58425235748291,-2.6500000953674316,-11.229999542236328,0,0,1,0,1,Simulation,18
1,1,Field,1997-04-07 12:00:00,1997,4,7,,1,0,15.469632148742676,-6.050000190734863,-12.119999885559082,0,0,1,0,1,Simulation,18
1,1,Field,1997-04-08 12:00:00,1997,4,8,,1,0,21.078821182250977,-6.550000190734863,-15.579999923706055,0,0,1,0,1,Simulation,18
1,1,Field,1997-04-09 12:00:00,1997,4,9,,1,0,25.01348304748535,-2.3499999046325684,-14.930000305175781,0,0,1,0,1,Simulation,18
1,1,Field,1997-04-10 12:00:00,1997,4,10,,1,2.140000104904175,13.048629760742188,-3.369999885559082,-10.210000038146973,0,0,1,0,1,Simulation,18
1,1,Field,1997-04-11 12:00:00,1997,4,11,,1,0,23.43118667602539,-1.100000023841858,-11.779999732971191,0,0,1,0,1,Simulation,18
1,1,Field,1997-04-12 12:00:00,1997,4,12,,1,0,23.503902435302734,3.630000114440918,-7.269999980926514,0,0,1,0,1,Simulation,18
1,1,Field,1997-04-13 12:00:00,1997,4,13,,1,0,25.875635147094727,6.590000152587891,-6.860000133514404,0,0,1,0,1,Simulation,18
1,1,Field,1997-04-14 12:00:00,1997,4,14,,1,0,26.442110061645508,11.199999809265137,-2.940000057220459,0,0,1,0,1,Simulation,18
1,1,Field,1997-04-15 12:00:00,1997,4,15,,1,0,20.873308181762695,7.21999979019165,-1.3700000047683716,0,0,1,0,1,Simulation,18
1,1,Field,1997-04-16 12:00:00,1997,4,16,,1,0,25.775596618652344,6.260000228881836,-5.929999828338623,0,0,1,0,1,Simulation,18
1,1,Field,1997-04-17 12:00:00,1997,4,17,,1,0,29.359464645385742,13.510000228881836,-6.809999942779541,0,0,1,0,1,Simulation,18
1,1,Field,1997-04-18 12:00:00,1997,4,18,,1,0,27.973337173461914,17.420000076293945,1.2100000381469727,0,0,1,0,1,Simulation,18
1,1,Field,1997-04-19 12:00:00,1997,4,19,,1,0,27.92351722717285,17.34000015258789,1.340000033378601,0,0,1,0,1,Simulation,18
1,1,Field,1997-04-20 12:00:00,1997,4,20,,1,0,21.01155662536621,13.869999885559082,4.690000057220459,0,0,1,0,1,Simulation,18
1,1,Field,1997-04-21 12:00:00,1997,4,21,,1,0,23.07863426208496,14.6899995803833,4.150000095367432,0,0,1,0,1,Simulation,18
1,1,Field,1997-04-22 12:00:00,1997,4,22,,1,0,22.286113739013672,13.890000343322754,3.9000000953674316,0,0,1,0,1,Simulation,18
1,1,Field,1997-04-23 12:00:00,1997,4,23,,1,0,24.653705596923828,13.989999771118164,2.1700000762939453,0,0,1,0,1,Simulation,18
1,1,Field,1997-04-24 12:00:00,1997,4,24,,1,0,26.672176361083984,14.3100004196167,0.38999998569488525,0,0,1,0,1,Simulation,18
1,1,Field,1997-04-25 12:00:00,1997,4,25,,1,0,27.53216552734375,15.479999542236328,0.5099999904632568,0,0,1,0,1,Simulation,18
1,1,Field,1997-04-26 12:00:00,1997,4,26,,1,0,26.093290328979492,17.219999313354492,3.740000009536743,0,0.04799996614456177,1,0.04799996614456177,1,Simulation,18
1,1,Field,1997-04-27 12:00:00,1997,4,27,,1,0,26.608747482299805,16.790000915527344,2.630000114440918,0,0,1,0,1,Simulation,18
1,1,Field,1997-04-28 12:00:00,1997,4,28,,1,0,28.69319725036621,20.56999969482422,3.049999952316284,0,0.18099998235702516,1,0.18099998235702516,1,Simulation,18
1,1,Field,1997-04-29 12:00:00,1997,4,29,,1,0,20.83875846862793,14.609999656677246,3.430000066757202,0,0,1,0,1,Simulation,18
1,1,Field,1997-04-30 12:00:00,1997,4,30,,1,0,22.855220794677734,10.720000267028809,-1.7799999713897705,0,0,1,0,1,Simulation,18
1,1,Field,1997-05-01 12:00:00,1997,5,1,,1,12.449999809265137,19.689634323120117,14.609999656677246,-2.7100000381469727,0,0,1,0,1,Simulation,18
1,1,Field,1997-05-02 12:00:00,1997,5,2,,1,11.329999923706055,13.002056121826172,10.40999984741211,1.850000023841858,0,0,1,0,1,Simulation,18
1,1,Field,1997-05-03 12:00:00,1997,5,3,,1,0,25.210063934326172,14.829999923706055,-0.3799999952316284,0,0,1,0,1,Simulation,18
1,1,Field,1997-05-04 12:00:00,1997,5,4,,1,0,26.678442001342773,19.81999969482422,1.649999976158142,0,0.07349998354911805,1,0.07349998354911805,1,Simulation,18
1,1,Field,1997-05-05 12:00:00,1997,5,5,,1,0,21.006086349487305,17.700000762939453,6.28000020980835,0,0.19900004863739015,1,0.19900004863739015,1,Simulation,18
1,1,Field,1997-05-06 12:00:00,1997,5,6,,1,0,26.742448806762695,21.31999969482422,3.0799999237060547,0,0.21999998092651368,1,0.21999998092651368,1,Simulation,18
1,1,Field,1997-05-07 12:00:00,1997,5,7,,1,2.569999933242798,15.928168296813965,20.25,8.100000381469727,0,0.41750001907348633,1,0.41750001907348633,1,Simulation,18
1,1,Field,1997-05-08 12:00:00,1997,5,8,,1,0,15.163616180419922,12.859999656677246,5.230000019073486,0,0,1,0,1,Simulation,18
1,1,Field,1997-05-09 12:00:00,1997,5,9,,1,0,26.830705642700195,16.709999084472656,-0.8399999737739563,0,0,1,0,1,Simulation,18
1,1,Field,1997-05-10 12:00:00,1997,5,10,,1,0,27.755693435668945,24.139999389648438,3.700000047683716,0,0.3919999718666077,1,0.3919999718666077,1,Simulation,18
1,1,Field,1997-05-11 12:00:00,1997,5,11,,1,0,18.387361526489258,16.18000030517578,6.320000171661377,0,0.1250000238418579,1,0.1250000238418579,1,Simulation,18
1,1,Field,1997-05-12 12:00:00,1997,5,12,,1,0.75,21.218713760375977,11.09000015258789,-0.4000000059604645,0,0,1,0,1,Simulation,18
1,1,Field,1997-05-13 12:00:00,1997,5,13,,1,0,27.861461639404297,16.31999969482422,-2.7899999618530273,0,0,1,0,1,Simulation,18
1,1,Field,1997-05-14 12:00:00,1997,5,14,,1,0,21.262834548950195,13.510000228881836,1.940000057220459,0,0,1,0,1,Simulation,18
1,1,Field,1997-05-15 12:00:00,1997,5,15,,1,0,25.851167678833008,12.829999923706055,-2.950000047683716,0,0,1,0,1,Simulation,18
1,1,Field,1997-05-16 12:00:00,1997,5,16,,1,0,29.06354522705078,24.959999084472656,2.2799999713897705,0,0.36199995279312136,1,0.36199995279312136,1,Simulation,18
1,1,Field,1997-05-17 12:00:00,1997,5,17,,1,0,29.11500358581543,28.329999923706055,5.070000171661377,0,0.6700000047683716,1,0.6700000047683716,1,Simulation,18
1,1,Field,1997-05-18 12:00:00,1997,5,18,,1,0,22.60337257385254,20.84000015258789,7.650000095367432,0,0.42450001239776614,1,0.42450001239776614,1,Simulation,18
1,1,Field,1997-05-19 12:00:00,1997,5,19,,1,0,19.339515686035156,11.779999732971191,1.590000033378601,0,0,1,0,1,Simulation,18
1,1,Field,1997-05-20 12:00:00,1997,5,20,,1,0,25.978118896484375,15.430000305175781,-0.41999998688697815,0,0,1,0,1,Simulation,18
1,1,Field,1997-05-21 12:00:00,1997,5,21,,1,0,26.633834838867188,21.579999923706055,4.380000114440918,0,0.29800000190734866,1,0.29800000190734866,1,Simulation,18
1,1,Field,1997-05-22 12:00:00,1997,5,22,,1,1.5199999809265137,22.71961212158203,22.739999771118164,9.300000190734863,0,0.6019999980926514,1,0.6019999980926514,1,Simulation,18
1,1,Field,1997-05-23 12:00:00,1997,5,23,,1,1.7300000190734863,13.942963600158691,19.040000915527344,11.5600004196167,0,0.5300000667572021,1,0.5300000667572021,1,Simulation,18
1,1,Field,1997-05-24 12:00:00,1997,5,24,,1,0,8.147261619567871,15.539999961853027,11.520000457763672,0,0.353000020980835,1,0.353000020980835,1,Simulation,18
1,1,Field,1997-05-25 12:00:00,1997,5,25,Sowing,1.999,0,17.436758041381836,16.989999771118164,8,0,0.24949998855590821,1,0.24949998855590821,1,Simulation,18
1,1,Field,1997-05-26 12:00:00,1997,5,26,Germination,2.0328661505937577,0,19.858978271484375,15.880000114440918,5.619999885559082,0,0.07500000000000001,1,0.07500000000000001,1,Simulation,18
1,1,Field,1997-05-27 12:00:00,1997,5,27,,2.0621452145946524,0,14.944334030151367,14.800000190734863,7.480000019073486,0,0.11400001049041748,1,0.11400001049041748,1,Simulation,18
1,1,Field,1997-05-28 12:00:00,1997,5,28,,2.0995854227465887,0,16.69215202331543,15.789999961853027,7.710000038146973,0,0.17500000000000002,1,0.17500000000000002,1,Simulation,18
1,1,Field,1997-05-29 12:00:00,1997,5,29,,2.150387474946429,0,18.866857528686523,17.3700008392334,8.100000381469727,0,0.2735000610351563,1,0.2735000610351563,1,Simulation,18
1,1,Field,1997-05-30 12:00:00,1997,5,30,,2.235367449040959,0,27.219045639038086,22.489999771118164,6.53000020980835,0,0.4509999990463257,1,0.4509999990463257,1,Simulation,18
1,1,Field,1997-05-31 12:00:00,1997,5,31,,2.351454575971216,0,27.4572811126709,25.100000381469727,8.699999809265137,0,0.6900000095367432,1,0.6900000095367432,1,Simulation,18
1,1,Field,1997-06-01 12:00:00,1997,6,1,,2.5191212496314943,1.9199999570846558,25.30166244506836,27.350000381469727,12.770000457763672,0,1,1,1,1,Simulation,18
1,1,Field,1997-06-02 12:00:00,1997,6,2,,2.66295457692489,4.659999847412109,12.361336708068848,22.799999237060547,14.460000038146973,0,0.862999963760376,1,0.862999963760376,1,Simulation,18
1,1,Field,1997-06-03 12:00:00,1997,6,3,,2.7877879064435263,1.9700000286102295,12.92512035369873,20.559999465942383,14.420000076293945,0,0.7489999771118164,1,0.7489999771118164,1,Simulation,18
1,1,Field,1997-06-04 12:00:00,1997,6,4,,2.9044533451128505,0,27.72663688659668,25.06999969482422,8.829999923706055,0,0.6949999809265137,1,0.6949999809265137,1,Simulation,18
1,1,Field,1997-06-05 12:00:00,1997,6,5,Emergence,3.0095491082467034,0,26.068042755126953,27.059999465942383,12.460000038146973,0,0.9759999752044678,1,0.9759999752044678,1,Simulation,18
1,1,Field,1997-06-06 12:00:00,1997,6,6,,3.029242137517929,0,26.143108367919922,25.59000015258789,11.079999923706055,0,0.8335000038146974,1,0.8335000038146974,0,Simulation,18
1,1,Field,1997-06-07 12:00:00,1997,6,7,,3.049940844462922,0,26.764677047729492,26.5,11.079999923706055,0,0.8789999961853028,1,0.8789999961853028,0,Simulation,18
1,1,Field,1997-06-08 12:00:00,1997,6,8,,3.069683246879847,0,26.399717330932617,25.84000015258789,10.979999542236328,0,0.840999984741211,1,0.840999984741211,0,Simulation,18
1,1,Field,1997-06-09 12:00:00,1997,6,9,,3.0902351718544723,0,26.489301681518555,26.170000076293945,11.390000343322754,0,0.878000020980835,0.9465969563130476,0.878000020980835,0.6797819893056904,Simulation,18
1,1,Field,1997-06-10 12:00:00,1997,6,10,,3.1116087148669194,0,25.913373947143555,26.34000015258789,11.970000267028809,0,0.8987040928184246,0.8987040928184246,0.915500020980835,1,Simulation,18
1,1,Field,1997-06-11 12:00:00,1997,6,11,,3.1333041901478644,0,25.102359771728516,26.149999618530273,12.479999542236328,0,0.8861622999302686,0.8861622999302686,0.9314999580383301,0.9999999999999997,Simulation,18
1,1,Field,1997-06-12 12:00:00,1997,6,12,,3.157347519825544,0,21.76197052001953,25.84000015258789,14.850000381469727,0,0.896244422970971,0.896244422970971,1,0.9999999999999999,Simulation,18
1,1,Field,1997-06-13 12:00:00,1997,6,13,,3.1802208738772895,0,25.69099235534668,26.809999465942383,12.90999984741211,0,0.9252201282353938,0.9252201282353938,0.9859999656677246,1,Simulation,18
1,1,Field,1997-06-14 12:00:00,1997,6,14,,3.201957314728464,0,28.938697814941406,28.139999389648438,10.630000114440918,0,0.9384999752044678,0.956506009960371,0.9384999752044678,0.9999999999999999,Simulation,18
1,1,Field,1997-06-15 12:00:00,1997,6,15,,3.2292734186196923,0,20.334644317626953,26.799999237060547,16.81999969482422,0,0.9965811399970066,0.9965811399970066,1,1,Simulation,18
1,1,Field,1997-06-16 12:00:00,1997,6,16,,3.24641701634851,0,27.07874870300293,24.540000915527344,10.300000190734863,0,0.7420000553131104,1,0.7420000553131104,1,Simulation,18
1,1,Field,1997-06-17 12:00:00,1997,6,17,,3.2702183369392555,0,26.690763473510742,27.420000076293945,13.199999809265137,0,1,1,1,1,Simulation,18
1,1,Field,1997-06-18 12:00:00,1997,6,18,,3.2901187307655073,17.729999542236328,16.597015380859375,24.040000915527344,13.210000038146973,0,0.8625000476837159,1,0.8625000476837159,0.9999999999999998,Simulation,18
1,1,Field,1997-06-19 12:00:00,1997,6,19,,3.3131158813396144,6.659999847412109,17.99306297302246,26.1299991607666,13.8100004196167,0,0.996999979019165,1,0.996999979019165,1,Simulation,18
1,1,Field,1997-06-20 12:00:00,1997,6,20,,3.339030491792731,0,23.460681915283203,27.079999923706055,15.390000343322754,0,1,1,1,0.9999999999999999,Simulation,18
1,1,Field,1997-06-21 12:00:00,1997,6,21,,3.3637518829958797,0,26.614837646484375,27.850000381469727,13.579999923706055,0,1,1,1,1,Simulation,18
1,1,Field,1997-06-22 12:00:00,1997,6,22,,3.390967604623393,19.90999984741211,18.016794204711914,28.1299991607666,15.449999809265137,0,1,1,1,0.9999999999999999,Simulation,18
1,1,Field,1997-06-23 12:00:00,1997,6,23,,3.424316326142495,0,23.16803550720215,30.8799991607666,18.3700008392334,0,1,1,1,1,Simulation,18
1,1,Field,1997-06-24 12:00:00,1997,6,24,,3.45442660275702,0,18.5665340423584,27.670000076293945,18.3700008392334,0,1,1,1,1,Simulation,18
1,1,Field,1997-06-25 12:00:00,1997,6,25,,3.474873879684079,0,25.290849685668945,25.579999923706055,12.079999923706055,0,0.8829999923706056,1,0.8829999923706056,0.9999999999999998,Simulation,18
1,1,Field,1997-06-26 12:00:00,1997,6,26,,3.4976379395983654,0,27.966136932373047,28.229999542236328,11.399999618530273,0,0.9814999580383301,1,0.9814999580383301,0.9999999999999999,Simulation,18
1,1,Field,1997-06-27 12:00:00,1997,6,27,,3.5303015095058257,0,23.358484268188477,30.760000228881836,17.6299991607666,0,1,1,1,1,Simulation,18
1,1,Field,1997-06-28 12:00:00,1997,6,28,,3.562992805049453,0,18.786951065063477,29.030000686645508,19.049999237060547,0,1,1,1,1,Simulation,18
1,1,Field,1997-06-29 12:00:00,1997,6,29,,3.5905095491712404,1.440000057220459,18.616289138793945,26.530000686645508,17.049999237060547,0,1,1,1,0.9999999999999998,Simulation,18
1,1,Field,1997-06-30 12:00:00,1997,6,30,,3.617606363176751,0,23.38450813293457,27.850000381469727,15.3100004196167,0,1,1,1,1,Simulation,18
1,1,Field,1997-07-01 12:00:00,1997,7,1,,3.6439588892810284,38.84000015258789,14.891448020935059,26.329999923706055,16.1299991607666,0,1,1,1,0.9999999999999998,Simulation,18
1,1,Field,1997-07-02 12:00:00,1997,7,2,,3.6561871723235293,0,11.517863273620605,17.780000686645508,12.609999656677246,0,0.5195000171661377,1,0.5195000171661377,1,Simulation,18
1,1,Field,1997-07-03 12:00:00,1997,7,3,,3.661937847931978,0,11.080068588256836,14.850000381469727,10.020000457763672,0,0.24350004196166994,1,0.24350004196166994,1,Simulation,18
1,1,Field,1997-07-04 12:00:00,1997,7,4,,3.6730353701978595,0,27.096277236938477,21.530000686645508,6.670000076293945,0,0.41000003814697267,1,0.41000003814697267,1,Simulation,18
1,1,Field,1997-07-05 12:00:00,1997,7,5,,3.6889629217051154,0,26.102384567260742,23.68000030517578,9.710000038146973,0,0.6695000171661377,1,0.6695000171661377,0.9999999999999999,Simulation,18
1,1,Field,1997-07-06 12:00:00,1997,7,6,,3.7020675329367814,0,26.451622009277344,22.34000015258789,8.25,0,0.5295000076293945,1,0.5295000076293945,0.9999999999999998,Simulation,18
1,1,Field,1997-07-07 12:00:00,1997,7,7,,3.721460295706064,6.050000190734863,17.845600128173828,24.25,11.920000076293945,0,0.8085000038146973,1,0.8085000038146973,1,Simulation,18
1,1,Field,1997-07-08 12:00:00,1997,7,8,,3.743601080634944,0,23.300294876098633,25.100000381469727,13.279999732971191,0,0.919000005722046,1,0.919000005722046,0.9999999999999999,Simulation,18
1,1,Field,1997-07-09 12:00:00,1997,7,9,,3.7653239787647146,0,25.21920394897461,25.639999389648438,12.3100004196167,0,0.8974999904632569,1,0.8974999904632569,0.9999999999999999,Simulation,18
1,1,Field,1997-07-10 12:00:00,1997,7,10,,3.7947275909106413,0,24.37180519104004,28.600000381469727,15.579999923706055,0,1,1,1,1,Simulation,18
1,1,Field,1997-07-11 12:00:00,1997,7,11,,3.8315504107041463,0,19.370635986328125,29.989999771118164,20.139999389648438,0,1,1,1,1,Simulation,18
1,1,Field,1997-07-12 12:00:00,1997,7,12,,3.8690438813588446,0,17.142213821411133,29.540000915527344,20.979999542236328,0,1,1,1,1,Simulation,18
1,1,Field,1997-07-13 12:00:00,1997,7,13,,3.9025644158252675,0,21.506196975708008,29.040000915527344,18.100000381469727,0,1,1,1,0.9999999999999998,Simulation,18
1,1,Field,1997-07-14 12:00:00,1997,7,14,,3.9319117486640205,0,25.225570678710938,28.59000015258789,15.039999961853027,0,1,1,1,1,Simulation,18
1,1,Field,1997-07-15 12:00:00,1997,7,15,,3.9648466545496928,0,27.240154266357422,33.720001220703125,16.700000762939453,0,1,1,1,1,Simulation,18
1,1,Field,1997-07-16 12:00:00,1997,7,16,,3.999739400818637,7.869999885559082,18.70958709716797,33.869998931884766,18.65999984741211,0,1,1,1,0.9999999999999999,Simulation,18
1,1,Field,1997-07-17 12:00:00,1997,7,17,StartFlowering,4.10031619946055,9.859999656677246,17.581741333007813,31.56999969482422,18.1299991607666,0,1,1,1,1,Simulation,18
1,1,Field,1997-07-18 12:00:00,1997,7,18,,4.2072497447396175,0,19.45745086669922,30.110000610351563,19.920000076293945,0,1,1,1,1,Simulation,18
1,1,Field,1997-07-19 12:00:00,1997,7,19,,4.321038404628738,8.579999923706055,13.51469898223877,31.149999618530273,21.459999084472656,0,1,1,1,0.9999999999999998,Simulation,18
1,1,Field,1997-07-20 12:00:00,1997,7,20,,4.412063892499937,21.59000015258789,14.39933967590332,27.559999465942383,17.68000030517578,0,1,1,1,1,Simulation,18
1,1,Field,1997-07-21 12:00:00,1997,7,21,,4.491562028274257,3.009999990463257,12.583942413330078,24.989999771118164,16.90999984741211,0,1,1,1,0.9999999999999998,Simulation,18
1,1,Field,1997-07-22 12:00:00,1997,7,22,,4.574404711368077,0,17.838945388793945,25.68000030517578,16.989999771118164,0,1,1,1,1,Simulation,18
1,1,Field,1997-07-23 12:00:00,1997,7,23,,4.665057453823133,9,15.736689567565918,27.799999237060547,16.84000015258789,0,1,1,1,0.9999999999999999,Simulation,18
1,1,Field,1997-07-24 12:00:00,1997,7,24,,4.759705972959412,48.43000030517578,12.09837818145752,26.709999084472656,18.84000015258789,0,1,1,1,1,Simulation,18
1,1,Field,1997-07-25 12:00:00,1997,7,25,,4.865162573122614,18.350000381469727,15.003271102905273,29.40999984741211,18.860000610351563,0,1,1,1,1,Simulation,18
1,1,Field,1997-07-26 12:00:00,1997,7,26,,4.978253960110724,0,20.260114669799805,30.559999465942383,19.719999313354492,0,1,1,1,0.9999999999999999,Simulation,18
1,1,Field,1997-07-27 12:00:00,1997,7,27,StartPodDevelopment,5.071585089027321,2.8499999046325684,14.123845100402832,28.68000030517578,19.139999389648438,0,1,1,1,1,Simulation,18
1,1,Field,1997-07-28 12:00:00,1997,7,28,,5.129535626653035,0,23.310379028320313,25.049999237060547,12.6899995803833,0,0.8869999408721925,1,0.8869999408721925,1,Simulation,18
1,1,Field,1997-07-29 12:00:00,1997,7,29,,5.182415212328002,0,20.984249114990234,23.239999771118164,12.829999923706055,0,0.803499984741211,1,0.803499984741211,0.9999999999999999,Simulation,18
1,1,Field,1997-07-30 12:00:00,1997,7,30,,5.2388347639191295,0,18.583967208862305,22.920000076293945,14.100000381469727,0,0.8510000228881837,1,0.8510000228881837,1,Simulation,18
1,1,Field,1997-07-31 12:00:00,1997,7,31,,5.29500693286055,8.5600004196167,9.704875946044922,21.280000686645508,15.539999961853027,0,0.8410000324249268,1,0.8410000324249268,1,Simulation,18
1,1,Field,1997-08-01 12:00:00,1997,8,1,,5.38799824318002,0,23.290760040283203,31.15999984741211,17.030000686645508,0,1,1,1,1,Simulation,18
1,1,Field,1997-08-02 12:00:00,1997,8,2,,5.486812268636587,6.269999980926514,16.066984176635742,31.360000610351563,18.690000534057617,0,1,1,1,0.9999999999999999,Simulation,18
1,1,Field,1997-08-03 12:00:00,1997,8,3,,5.575524462867595,0,21.160221099853516,28.959999084472656,17.010000228881836,0,1,1,1,0.9999999999999999,Simulation,18
1,1,Field,1997-08-04 12:00:00,1997,8,4,,5.6534191417657045,0,17.579984664916992,25.760000228881836,16.8700008392334,0,1,1,1,0.9999999999999997,Simulation,18
1,1,Field,1997-08-05 12:00:00,1997,8,5,,5.7172062977382865,0,23.07433319091797,25.739999771118164,12.649999618530273,0,0.919499969482422,1,0.919499969482422,0.9999999999999999,Simulation,18
1,1,Field,1997-08-06 12:00:00,1997,8,6,,5.7883372736913605,0,19.94621467590332,25.40999984741211,14.9399995803833,0,1,1,1,0.9999999999999997,Simulation,18
1,1,Field,1997-08-07 12:00:00,1997,8,7,,5.8591745670923,0,23.81955337524414,27.34000015258789,12.770000457763672,0,1,1,1,0.9999999999999998,Simulation,18
1,1,Field,1997-08-08 12:00:00,1997,8,8,,5.940538300844069,0,19.688945770263672,26.780000686645508,16.139999389648438,0,1,1,1,0.9999999999999999,Simulation,18
1,1,Field,1997-08-09 12:00:00,1997,8,9,,5.999395445472321,9.90999984741211,13.757641792297363,22.84000015258789,13.640000343322754,0,0.8240000247955322,1,0.8240000247955322,0.9999999999999998,Simulation,18
1,1,Field,1997-08-10 12:00:00,1997,8,10,StartGrainFilling,6.013289363265591,0,18.517271041870117,17.899999618530273,8.979999542236328,2.822977503234,0.3439999580383301,1,0.3439999580383301,0.9999999999999999,Simulation,18
1,1,Field,1997-08-11 12:00:00,1997,8,11,,6.0328121975167806,0,19.01179313659668,19.81999969482422,10.329999923706055,6.925963505330265,0.5074999809265137,1,0.5074999809265137,1,Simulation,18
1,1,Field,1997-08-12 12:00:00,1997,8,12,,6.059547903670618,0,20.958877563476563,22.6200008392334,11.279999732971191,12.657734354532039,0.6950000286102296,1,0.6950000286102296,0.9999999999999998,Simulation,18
1,1,Field,1997-08-13 12:00:00,1997,8,13,,6.0793698601242525,0,22.67970085144043,21.459999084472656,8.59000015258789,17.030489637535897,0.5024999618530274,1,0.5024999618530274,1,Simulation,18
1,1,Field,1997-08-14 12:00:00,1997,8,14,,6.1092215259274845,13.40999984741211,14.442842483520508,22.780000686645508,12.739999771118164,23.75995927599015,0.7760000228881836,1,0.7760000228881836,1,Simulation,18
1,1,Field,1997-08-15 12:00:00,1997,8,15,,6.145170471375216,0,19.841217041015625,24.700000762939453,13.989999771118164,32.06588818579969,0.9345000267028809,1,0.9345000267028809,0.9999999999999999,Simulation,18
1,1,Field,1997-08-16 12:00:00,1997,8,16,,6.174252765104892,0,17.091501235961914,21.770000457763672,13.350000381469727,39.026849991752464,0.7560000419616699,1,0.7560000419616699,0.9999999999999998,Simulation,18
1,1,Field,1997-08-17 12:00:00,1997,8,17,,6.195179705683231,2.809999942779541,13.07602310180664,19.690000534057617,11.1899995803833,44.16574760363763,0.5440000057220459,1,0.5440000057220459,1,Simulation,18
1,1,Field,1997-08-18 12:00:00,1997,8,18,,6.21164428273196,2.880000114440918,14.109652519226074,18.989999771118164,9.569999694824219,48.27279187822797,0.42799997329711914,1,0.42799997329711914,0.9999999999999999,Simulation,18
1,1,Field,1997-08-19 12:00:00,1997,8,19,,6.23782219183956,0,14.944533348083496,20.389999389648438,13.220000267028809,54.886949804004985,0.6804999828338624,1,0.6804999828338624,0.9999999999999998,Simulation,18
1,1,Field,1997-08-20 12:00:00,1997,8,20,,6.266673672112841,0,20.650798797607422,23.329999923706055,11.670000076293945,62.329991282342014,0.75,1,0.75,1,Simulation,18
1,1,Field,1997-08-21 12:00:00,1997,8,21,,6.298391065653029,0,22.807415008544922,25.84000015258789,10.649999618530273,70.74041150740345,0.8244999885559082,1,0.8244999885559082,0.9999999999999999,Simulation,18
1,1,Field,1997-08-22 12:00:00,1997,8,22,,6.336378849847177,0,22.34284782409668,27.540000915527344,12.210000038146973,81.13753262414832,0.9875000476837159,1,0.9875000476837159,0.9999999999999998,Simulation,18
1,1,Field,1997-08-23 12:00:00,1997,8,23,,6.386949268280609,0,21.505544662475586,31.280000686645508,15.619999885559082,95.49481428336755,1,1,1,1,Simulation,18
1,1,Field,1997-08-24 12:00:00,1997,8,24,,6.435919845703504,0,20.60079574584961,29.8799991607666,15.579999923706055,109.95707604639844,1,1,1,1,Simulation,18
1,1,Field,1997-08-25 12:00:00,1997,8,25,,6.491821427797394,0,18.050716400146484,30.510000228881836,18.670000076293945,127.09237568193403,1,1,1,0.9999999999999998,Simulation,18
1,1,Field,1997-08-26 12:00:00,1997,8,26,,6.543867343466211,0,20.068742752075195,31.010000228881836,16.479999542236328,143.6370071818981,1,1,1,1,Simulation,18
1,1,Field,1997-08-27 12:00:00,1997,8,27,,6.597107942317491,0,17.195953369140625,29.440000534057617,18.239999771118164,161.1901676863914,1,1,1,0.9999999999999998,Simulation,18
1,1,Field,1997-08-28 12:00:00,1997,8,28,,6.643828104132323,0,16.44045639038086,27.299999237060547,16.989999771118164,177.1209727172452,1,1,1,0.9999999999999999,Simulation,18
1,1,Field,1997-08-29 12:00:00,1997,8,29,,6.695068331923701,14.229999542236328,12.581561088562012,28.84000015258789,17.799999237060547,195.1327810808078,1,1,1,0.9999999999999999,Simulation,18
1,1,Field,1997-08-30 12:00:00,1997,8,30,,6.740865249084593,0,17.706626892089844,27.93000030517578,15.880000114440918,211.64575874481895,1,1,1,1,Simulation,18
1,1,Field,1997-08-31 12:00:00,1997,8,31,,6.782834536969469,0,19.611448287963867,28.18000030517578,13.640000343322754,227.24834157095938,1,1,1,0.9999999999999998,Simulation,18
1,1,Field,1997-09-01 12:00:00,1997,9,1,,6.827996721711096,13.640000343322754,12.758212089538574,27.540000915527344,15.9399995803833,244.55903226513425,1,1,1,1,Simulation,18
1,1,Field,1997-09-02 12:00:00,1997,9,2,,6.847885009072971,0,17.06431770324707,20.56999969482422,9.770000457763672,252.3698906433986,0.5170000076293946,1,0.5170000076293946,0.9999999999999997,Simulation,18
1,1,Field,1997-09-03 12:00:00,1997,9,3,,6.863546777249869,0,19.3474178314209,20.18000030517578,6.690000057220459,258.6066940540094,0.343500018119812,1,0.343500018119812,0.9999999999999998,Simulation,18
1,1,Field,1997-09-04 12:00:00,1997,9,4,,6.888301347104225,0,17.768680572509766,22.510000228881836,10.359999656677246,268.56985609992853,0.6434999942779541,1,0.6434999942779541,1,Simulation,18
1,1,Field,1997-09-05 12:00:00,1997,9,5,,6.934444478946727,0,19.32194709777832,30.1299991607666,13.859999656677246,287.4682949425752,1,1,1,1,Simulation,18
1,1,Field,1997-09-06 12:00:00,1997,9,6,,6.969585580965733,10.880000114440918,14.902579307556152,27.6299991607666,10.640000343322754,302.3055118009661,0.9134999752044678,1,0.9134999752044678,0.9999999999999998,Simulation,18
1,1,Field,1997-09-07 12:00:00,1997,9,7,EndCanopyDevelopment,7.013221313823339,3.5799999237060547,11.356030464172363,25.600000381469727,14.920000076293945,319.3419334058241,1,1,1,0.9999999999999999,Simulation,18
1,1,Field,1997-09-08 12:00:00,1997,9,8,,7.066416390144671,6.360000133514404,10.603297233581543,24.360000610351563,14.579999923706055,335.37808488437304,0.9470000267028809,1,0.9470000267028809,1,Simulation,18
1,1,Field,1997-09-09 12:00:00,1997,9,9,,7.104997001942409,0,16.39989471435547,20.950000762939453,9.220000267028809,347.2067428622285,0.5085000514984132,1,0.5085000514984132,0.9999999999999999,Simulation,18
1,1,Field,1997-09-10 12:00:00,1997,9,10,,7.148199383275347,0,18.907556533813477,23.389999389648438,7.449999809265137,360.6312323896452,0.5419999599456787,1,0.5419999599456787,0.9999999999999998,Simulation,18
1,1,Field,1997-09-11 12:00:00,1997,9,11,,7.188271670433692,0,16.790767669677734,21.700000762939453,8.8100004196167,373.2782218998395,0.5255000591278076,1,0.5255000591278076,1,Simulation,18
1,1,Field,1997-09-12 12:00:00,1997,9,12,,7.243265802522641,2.8499999046325684,11.53281307220459,25.670000076293945,13.65999984741211,390.8625695014183,0.9664999961853028,1,0.9664999961853028,1,Simulation,18
1,1,Field,1997-09-13 12:00:00,1997,9,13,,7.30659996025063,0,15.171174049377441,27.43000030517578,15.119999885559082,411.43741843477585,1,1,1,1,Simulation,18
1,1,Field,1997-09-14 12:00:00,1997,9,14,,7.3635763924142505,11.289999961853027,11.234801292419434,26.149999618530273,14.039999961853027,430.34137821971973,1,1,1,1,Simulation,18
1,1,Field,1997-09-15 12:00:00,1997,9,15,,7.421527794875673,11.569999694824219,10.920145034790039,26.270000457763672,14.34000015258789,449.8476489688665,1,1,1,1,Simulation,18
1,1,Field,1997-09-16 12:00:00,1997,9,16,,7.474273488656559,0,10.990283012390137,23.549999237060547,15.229999542236328,467.83664292620267,0.9389999389648438,1,0.9389999389648438,1,Simulation,18
1,1,Field,1997-09-17 12:00:00,1997,9,17,,7.519250118919612,0,16.69127082824707,23.850000381469727,8.819999694824219,483.3574565290257,0.6335000038146973,1,0.6335000038146973,0.9999999999999999,Simulation,18
1,1,Field,1997-09-18 12:00:00,1997,9,18,,7.5810214947374925,0,17.036386489868164,29.290000915527344,11.640000343322754,504.9232109571843,1,1,1,0.9999999999999999,Simulation,18
1,1,Field,1997-09-19 12:00:00,1997,9,19,,7.611674517554927,0,10.315852165222168,17.1200008392334,9.3100004196167,515.8265773294257,0.3215000629425049,1,0.3215000629425049,1,Simulation,18
1,1,Field,1997-09-20 12:00:00,1997,9,20,,7.639760618305387,0,14.418376922607422,14.739999771118164,3.069999933242798,525.8380903514269,0,1,0,0.9999999999999999,Simulation,18
1,1,Field,1997-09-21 12:00:00,1997,9,21,,7.669475406263922,0,16.181724548339844,17.030000686645508,2.490000009536743,536.4110393693468,0,1,0,0.9999999999999999,Simulation,18
1,1,Field,1997-09-22 12:00:00,1997,9,22,,7.697561507014383,6.690000057220459,6.075362205505371,12.640000343322754,6.769999980926514,546.3859988382392,0,1,0,1,Simulation,18
1,1,Field,1997-09-23 12:00:00,1997,9,23,,7.730986504850382,0,15.723726272583008,19.200000762939453,4.769999980926514,558.2353791951858,0.19850003719329834,1,0.19850003719329834,1,Simulation,18
1,1,Field,1997-09-24 12:00:00,1997,9,24,,7.769832875206146,0,16.152835845947266,21.889999389648438,5.679999828338623,572.0273666747028,0.37849996089935306,1,0.37849996089935306,1,Simulation,18
1,1,Field,1997-09-25 12:00:00,1997,9,25,,7.821326653050287,0,16.433515548706055,26.760000228881836,8.020000457763672,590.3931553125934,0.7390000343322755,1,0.7390000343322755,0.9999999999999999,Simulation,18
1,1,Field,1997-09-26 12:00:00,1997,9,26,,7.872358405736873,0,15.188088417053223,25.93000030517578,9.760000228881836,608.7855822274962,0.7845000267028809,1,0.7845000267028809,1,Simulation,18
1,1,Field,1997-09-27 12:00:00,1997,9,27,,7.926224972983702,2.7300000190734863,10.182333946228027,26.030000686645508,12.260000228881836,628.3901774037888,0.9145000457763672,1,0.9145000457763672,0.9999999999999999,Simulation,18
1,1,Field,1997-09-28 12:00:00,1997,9,28,,7.964324915854288,0,12.783775329589844,20.860000610351563,8.699999809265137,642.348614379184,0.478000020980835,1,0.478000020980835,0.9999999999999999,Simulation,18
1,1,Field,1997-09-29 12:00:00,1997,9,29,EndPodDevelopment,8.004948954533392,0,11.789384841918945,21.56999969482422,10.40999984741211,657.2842838847578,0.5989999771118164,1,0.5989999771118164,0.9999999999999999,Simulation,18
1,1,Field,1997-09-30 12:00:00,1997,9,30,,8.045860881058394,0,15.298282623291016,22.950000762939453,5.019999980926514,672.3873121484141,0.39850003719329835,1,0.39850003719329835,1,Simulation,18
1,1,Field,1997-10-01 12:00:00,1997,10,1,,8.09634528095453,0,15.32093334197998,26.729999542236328,6.829999923706055,691.08044933376,0.6779999732971191,1,0.6779999732971191,1,Simulation,18
1,1,Field,1997-10-02 12:00:00,1997,10,2,,8.158882615865128,0,14.90424919128418,30.459999084472656,9.680000305175781,714.3674801161296,0.9994681520993676,0.9994681520993676,1,0.9999999999999997,Simulation,18
1,1,Field,1997-10-03 12:00:00,1997,10,3,,8.206330820351983,0,12.19400405883789,24.200000762939453,10.640000343322754,732.1652579720424,0.7420000553131104,0.9869441533544815,0.7420000553131104,1,Simulation,18
1,1,Field,1997-10-04 12:00:00,1997,10,4,,8.253412579653082,0,14.528411865234375,25.459999084472656,5.869999885559082,749.9046103842111,0.5664999485015869,0.9818022446055901,0.5664999485015869,1,Simulation,18
1,1,Field,1997-10-05 12:00:00,1997,10,5,,8.29908782859981,0,12.0701265335083,23.81999969482422,9.800000190734863,767.1734511639722,0.6809999942779541,0.9819163339438961,0.6809999942779541,1,Simulation,18
1,1,Field,1997-10-06 12:00:00,1997,10,6,,8.337236067794361,0,10.154577255249023,20.6299991607666,9.779999732971191,781.642324442423,0.5204999446868896,0.9844176930439683,0.5204999446868896,0.9999999999999999,Simulation,18
1,1,Field,1997-10-07 12:00:00,1997,10,7,,8.39284361554896,0,12.754130363464355,27.40999984741211,10.59000015258789,802.7559674177273,0.9,0.9757873912765439,0.9,0.9999999999999998,Simulation,18
1,1,Field,1997-10-08 12:00:00,1997,10,8,,8.440980277558445,8.65999984741211,7.865869045257568,24.06999969482422,11.710000038146973,821.1154822605843,0.7889999866485596,0.9785824868003374,0.7889999866485596,1,Simulation,18
1,1,Field,1997-10-09 12:00:00,1997,10,9,,8.469392488457874,0,9.901421546936035,15.789999961853027,4.920000076293945,831.9638356844952,0.03550000190734864,0.9869640806196933,0.03550000190734864,1,Simulation,18
1,1,Field,1997-10-10 12:00:00,1997,10,10,,8.505823135053083,0,12.33747673034668,20.799999237060547,4.869999885559082,845.8442778495187,0.28349995613098145,0.9821489739016063,0.28349995613098145,0.9999999999999999,Simulation,18
1,1,Field,1997-10-11 12:00:00,1997,10,11,,8.558083367325352,8.930000305175781,7.5952839851379395,25.260000228881836,12.579999923706055,865.744593218103,0.8920000076293946,0.9729900857385019,0.8920000076293946,0.9999999999999999,Simulation,18
1,1,Field,1997-10-12 12:00:00,1997,10,12,,8.595323809940632,24.43000030517578,7.190154075622559,20.420000076293945,8.970000267028809,879.9363028716363,0.4695000171661377,0.9804558354483729,0.4695000171661377,1,Simulation,18
1,1,Field,1997-10-13 12:00:00,1997,10,13,,8.623409910691093,12,5.593204021453857,6.650000095367432,-1.2400000095367432,890.6305580617351,0,0.9844183777700775,0,0.9999999999999997,Simulation,18
1,1,Field,1997-10-14 12:00:00,1997,10,14,,8.651496011441553,0,10.753314971923828,11.0600004196167,-1.940000057220459,901.2998793445898,0,0.9836103201796647,0,0.9999999999999999,Simulation,18
1,1,Field,1997-10-15 12:00:00,1997,10,15,,8.68033256487653,0,11.128117561340332,16.40999984741211,1.7799999713897705,912.2289596821379,0,0.9824784957092306,0,0.9999999999999998,Simulation,18
1,1,Field,1997-10-16 12:00:00,1997,10,16,,8.70841866562699,0,11.510982513427734,15.220000267028809,-0.8500000238418579,922.8490493298493,0,0.9822357255337503,0,1,Simulation,18
1,1,Field,1997-10-17 12:00:00,1997,10,17,,8.739401530002489,0,10.547930717468262,17.93000030517578,3.440000057220459,934.5378079223503,0.06850001811981202,0.9793672073858943,0.06850001811981202,0.9999999999999998,Simulation,18
1,1,Field,1997-10-18 12:00:00,1997,10,18,,8.774070258707441,0,9.50486946105957,19.600000381469727,6.820000171661377,947.5904434199108,0.3210000276565552,0.9756234461109645,0.3210000276565552,1,Simulation,18
1,1,Field,1997-10-19 12:00:00,1997,10,19,,8.802156359457902,0,7.5888495445251465,12.210000038146973,2.859999895095825,958.1514288707149,0,0.9794535801571008,0,1,Simulation,18
1,1,Field,1997-10-20 12:00:00,1997,10,20,,8.830242460208362,0,10.095234870910645,11.020000457763672,-2.9100000858306885,968.6886572103355,0,0.9779895543076838,0,1,Simulation,18
1,1,Field,1997-10-21 12:00:00,1997,10,21,,8.858328560958823,0,8.235418319702148,5.150000095367432,-5.199999809265137,979.2023441249279,0,0.9766966207492488,0,0.9999999999999999,Simulation,18
1,1,Field,1997-10-22 12:00:00,1997,10,22,,8.886414661709283,0,10.001191139221191,9.649999618530273,-4.829999923706055,989.6926950039851,0,0.9751936341389055,0,0.9999999999999999,Simulation,18
1,1,Field,1997-10-23 12:00:00,1997,10,23,,8.914500762459744,0,8.6752166748046875,10.859999656677246,-1.1399999856948853,1000.1599054549256,0,0.9734600522889644,0,1,Simulation,18
1,1,Field,1997-10-24 12:00:00,1997,10,24,,8.942586863210204,0,5.162820816040039,4.869999885559082,-1.5099999904632568,1010.6041617919533,0,0.9714351228626777,0,1,Simulation,18
1,1,Field,1997-10-25 12:00:00,1997,10,25,,8.970672963960666,0,3.975165843963623,-0.3799999952316284,-5.050000190734863,1021.0256415004735,0,0.9690379181672333,0,0.9999999999999998,Simulation,18
1,1,Field,1997-10-26 12:00:00,1997,10,26,,8.998759064711127,0,5.757845401763916,0.6100000143051147,-6.349999904632568,1031.4245136782888,0,0.9661539581912512,0,1,Simulation,18
1,1,Field,1997-10-27 12:00:00,1997,10,27,EndGrainFill,9.106201860802967,0,10.184775352478027,7.940000057220459,-8.229999542236328,1031.4245136782888,0,0.9877575875026414,0,1,Simulation,18
1,1,Field,1997-10-28 12:00:00,1997,10,28,,9.217312971914078,0,9.732037544250488,12.850000381469727,-2.940000057220459,1031.4245136782888,0,0.9953169257113368,0,0.9999999999999998,Simulation,18
1,1,Field,1997-10-29 12:00:00,1997,10,29,,9.328424083025189,0,9.860286712646484,14.729999542236328,-2.5399999618530273,1031.4245136782888,0,0.998168770784947,0,1,Simulation,18
1,1,Field,1997-10-30 12:00:00,1997,10,30,,9.439535194136301,0,8.819302558898926,15.369999885559082,1.059999942779541,1031.4245136782888,0,0.9992746573370639,0,1,Simulation,18
1,1,Field,1997-10-31 12:00:00,1997,10,31,,9.550646305247412,0,6.835070610046387,11.670000076293945,1.909999966621399,1031.4245136782888,0,0.9997099295319988,0,0.9999999999999998,Simulation,18
1,1,Field,1997-11-01 12:00:00,1997,11,1,,9.661757416358522,0,4.813557147979736,8.25,1.9199999570846558,1031.4245136782888,0,0.999883030342034,0,0.9999999999999998,Simulation,18
1,1,Field,1997-11-02 12:00:00,1997,11,2,,9.772868527469633,2.4000000953674316,2.661417007446289,1.399999976158142,-3.009999990463257,1031.4245136782888,0,0.9999524633012415,0,0.9999999999999998,Simulation,18
1,1,Field,1997-11-03 12:00:00,1997,11,3,,9.883979638580744,0,3.5201408863067627,-1.7000000476837158,-5.940000057220459,1031.4245136782888,0,0.9999524633012434,0,1,Simulation,18
1,1,Field,1997-11-04 12:00:00,1997,11,4,,9.995090749691856,0,4.7136969566345215,-0.23999999463558197,-6.059999942779541,1031.4245136782888,0,1,0,0.9999999999999999,Simulation,18
1,1,Field,1997-11-05 12:00:00,1997,11,5,Maturity,10.106201860802967,0,2.614475727081299,-0.8500000238418579,-3.869999885559082,1031.4245136782888,0,1,0,0.9999999999999997,Simulation,18
1,1,Field,1997-11-06 12:00:00,1997,11,6,,10.217312971914078,0,4.032166004180908,0.5299999713897705,-4.300000190734863,1031.4245136782888,0,1,0,1,Simulation,18
1,1,Field,1997-11-07 12:00:00,1997,11,7,,10.328424083025189,0,7.396531581878662,8.270000457763672,-2.2799999713897705,1031.4245136782888,0,1,0,1,Simulation,18
1,1,Field,1997-11-08 12:00:00,1997,11,8,,10.439535194136301,0,4.212474346160889,4.440000057220459,-0.7799999713897705,1031.4245136782888,0,1,0,0.9999999999999999,Simulation,18
1,1,Field,1997-11-09 12:00:00,1997,11,9,,10.550646305247412,0,4.339882850646973,0.3799999952316284,-4.860000133514404,1031.4245136782888,0,1,0,0.9999999999999998,Simulation,18
1,1,Field,1997-11-10 12:00:00,1997,11,10,,10.661757416358522,0,6.96971321105957,-0.5299999713897705,-9.989999771118164,1031.4245136782888,0,1,0,1,Simulation,18
1,1,Field,1997-11-11 12:00:00,1997,11,11,,10.772868527469633,0,5.3723835945129395,-5.269999980926514,-11.930000305175781,1031.4245136782888,0,1,0,0.9999999999999998,Simulation,18
1,1,Field,1997-11-12 12:00:00,1997,11,12,,10.883979638580744,0,8.44128704071045,0.8399999737739563,-14.369999885559082,1031.4245136782888,0,1,0,0.9999999999999999,Simulation,18
1,1,Field,1997-11-13 12:00:00,1997,11,13,,10.995090749691856,3.430000066757202,4.448891639709473,-0.6000000238418579,-7.559999942779541,1031.4245136782888,0,1,0,1,Simulation,18
1,1,Field,1997-11-14 12:00:00,1997,11,14,HarvestRipe,11,3.690000057220459,2.9917807579040527,-2.3399999141693115,-6.710000038146973,1031.4245136782888,0,1,0,1,Simulation,18
1,1,Field,1997-11-15 12:00:00,1997,11,15,,1,0,7.656856536865234,-5.949999809265137,-15.649999618530273,0,0,1,0,1,Simulation,18
1,1,Field,1997-11-16 12:00:00,1997,11,16,,1,0,9.027060508728027,-3.630000114440918,-18.559999465942383,0,0,1,0,1,Simulation,18
1,1,Field,1997-11-17 12:00:00,1997,11,17,,1,0,8.796759605407715,-1.7799999713897705,-16.329999923706055,0,0,1,0,1,Simulation,18
1,1,Field,1997-11-18 12:00:00,1997,11,18,,1,0,5.98345422744751,-5.710000038146973,-12.9399995803833,0,0,1,0,1,Simulation,18
1,1,Field,1997-11-19 12:00:00,1997,11,19,,1,0,7.569820404052734,2.1500000953674316,-8.609999656677246,0,0,1,0,1,Simulation,18
1,1,Field,1997-11-20 12:00:00,1997,11,20,,1,0,5.319334506988525,-3.0199999809265137,-9.40999984741211,0,0,1,0,1,Simulation,18
1,1,Field,1997-11-21 12:00:00,1997,11,21,,1,2.559999942779541,5.075710296630859,-0.7200000286102295,-9.640000343322754,0,0,1,0,1,Simulation,18
1,1,Field,1997-11-22 12:00:00,1997,11,22,,1,0,6.151904106140137,-3.190000057220459,-10.920000076293945,0,0,1,0,1,Simulation,18
1,1,Field,1997-11-23 12:00:00,1997,11,23,,1,0,5.775527477264404,-2.940000057220459,-10.210000038146973,0,0,1,0,1,Simulation,18
1,1,Field,1997-11-24 12:00:00,1997,11,24,,1,0,7.456023216247559,0.8100000023841858,-10.970000267028809,0,0,1,0,1,Simulation,18
1,1,Field,1997-11-25 12:00:00,1997,11,25,,1,0,7.2497148513793945,6.75,-5.150000095367432,0,0,1,0,1,Simulation,18
1,1,Field,1997-11-26 12:00:00,1997,11,26,,1,0,6.706254482269287,5.510000228881836,-4.659999847412109,0,0,1,0,1,Simulation,18
1,1,Field,1997-11-27 12:00:00,1997,11,27,,1,0,7.08195161819458,9.40999984741211,-2.490000009536743,0,0,1,0,1,Simulation,18
1,1,Field,1997-11-28 12:00:00,1997,11,28,,1,0,7.232946395874023,5.929999828338623,-6.480000019073486,0,0,1,0,1,Simulation,18
1,1,Field,1997-11-29 12:00:00,1997,11,29,,1,0,7.544918537139893,10.069999694824219,-5.389999866485596,0,0,1,0,1,Simulation,18
1,1,Field,1997-11-30 12:00:00,1997,11,30,,1,0,5.719559669494629,1.649999976158142,-6.46999979019165,0,0,1,0,1,Simulation,18
1,1,Field,1997-12-01 12:00:00,1997,12,1,,1,0,2.4728989601135254,-1.8799999952316284,-4.920000076293945,0,0,1,0,1,Simulation,18
1,1,Field,1997-12-02 12:00:00,1997,12,2,,1,1.5,2.6233954429626465,-0.3700000047683716,-3.6500000953674316,0,0,1,0,1,Simulation,18
1,1,Field,1997-12-03 12:00:00,1997,12,3,,1,2.4000000953674316,2.021003484725952,-2.549999952316284,-5.940000057220459,0,0,1,0,1,Simulation,18
1,1,Field,1997-12-04 12:00:00,1997,12,4,,1,3.180000066757202,2.7446892261505127,-4.989999771118164,-9.6899995803833,0,0,1,0,1,Simulation,18
1,1,Field,1997-12-05 12:00:00,1997,12,5,,1,0,4.19659423828125,-6.429999828338623,-12.020000457763672,0,0,1,0,1,Simulation,18
1,1,Field,1997-12-06 12:00:00,1997,12,6,,1,0,2.7349648475646973,-5.789999961853027,-9.289999961853027,0,0,1,0,1,Simulation,18
1,1,Field,1997-12-07 12:00:00,1997,12,7,,1,0,4.661282062530518,-4.570000171661377,-10.960000038146973,0,0,1,0,1,Simulation,18
1,1,Field,1997-12-08 12:00:00,1997,12,8,,1,1.5700000524520874,3.019885301589966,-3.450000047683716,-7.360000133514404,0,0,1,0,1,Simulation,18
1,1,Field,1997-12-09 12:00:00,1997,12,9,,1,1.2599999904632568,1.75101900100708,-2.5799999237060547,-4.710000038146973,0,0,1,0,1,Simulation,18
1,1,Field,1997-12-10 12:00:00,1997,12,10,,1,0,2.6511266231536865,-2.940000057220459,-6.309999942779541,0,0,1,0,1,Simulation,18
1,1,Field,1997-12-11 12:00:00,1997,12,11,,1,0,5.598457336425781,-5.260000228881836,-13.600000381469727,0,0,1,0,1,Simulation,18
1,1,Field,1997-12-12 12:00:00,1997,12,12,,1,0,7.045790672302246,1.149999976158142,-15.109999656677246,0,0,1,0,1,Simulation,18
1,1,Field,1997-12-13 12:00:00,1997,12,13,,1,0,6.113809108734131,2.9000000953674316,-7.570000171661377,0,0,1,0,1,Simulation,18
1,1,Field,1997-12-14 12:00:00,1997,12,14,,1,0,6.426720142364502,5.769999980926514,-6.679999828338623,0,0,1,0,1,Simulation,18
1,1,Field,1997-12-15 12:00:00,1997,12,15,,1,0,5.995031833648682,5.489999771118164,-5.159999847412109,0,0,1,0,1,Simulation,18
1,1,Field,1997-12-16 12:00:00,1997,12,16,,1,0,5.877896308898926,4.420000076293945,-5.639999866485596,0,0,1,0,1,Simulation,18
1,1,Field,1997-12-17 12:00:00,1997,12,17,,1,0,5.887365341186523,4.940000057220459,-5.110000133514404,0,0,1,0,1,Simulation,18
1,1,Field,1997-12-18 12:00:00,1997,12,18,,1,0,5.177609920501709,6.010000228881836,-2.1700000762939453,0,0,1,0,1,Simulation,18
1,1,Field,1997-12-19 12:00:00,1997,12,19,,1,0,3.9373159408569336,0.7599999904632568,-4.739999771118164,0,0,1,0,1,Simulation,18
1,1,Field,1997-12-20 12:00:00,1997,12,20,,1,0,6.412845611572266,-0.11999999731779099,-12.220000267028809,0,0,1,0,1,Simulation,18
1,1,Field,1997-12-21 12:00:00,1997,12,21,,1,0,5.483058452606201,0.47999998927116394,-8.270000457763672,0,0,1,0,1,Simulation,18
1,1,Field,1997-12-22 12:00:00,1997,12,22,,1,0,4.366937160491943,-1.2899999618530273,-7.559999942779541,0,0,1,0,1,Simulation,18
1,1,Field,1997-12-23 12:00:00,1997,12,23,,1,0,6.717313289642334,1.9199999570846558,-12.609999656677246,0,0,1,0,1,Simulation,18
1,1,Field,1997-12-24 12:00:00,1997,12,24,,1,0,5.870108127593994,-0.10000000149011612,-10.020000457763672,0,0,1,0,1,Simulation,18
1,1,Field,1997-12-25 12:00:00,1997,12,25,,1,0,6.0233330726623535,0.6899999976158142,-9.710000038146973,0,0,1,0,1,Simulation,18
1,1,Field,1997-12-26 12:00:00,1997,12,26,,1,0,4.880118370056152,-1.0700000524520874,-8.279999732971191,0,0,1,0,1,Simulation,18
1,1,Field,1997-12-27 12:00:00,1997,12,27,,1,0,5.411960124969482,0.09000000357627869,-8.210000038146973,0,0,1,0,1,Simulation,18
1,1,Field,1997-12-28 12:00:00,1997,12,28,,1,0,3.9882683753967285,-1.5299999713897705,-6.889999866485596,0,0,1,0,1,Simulation,18
1,1,Field,1997-12-29 12:00:00,1997,12,29,,1,0,5.470475673675537,-0.7300000190734863,-8.6899995803833,0,0,1,0,1,Simulation,18
1,1,Field,1997-12-30 12:00:00,1997,12,30,,1,0,5.568265438079834,-0.9300000071525574,-9.029999732971191,0,0,1,0,1,Simulation,18
1,1,Field,1997-12-31 12:00:00,1997,12,31,,1,0,7.245894908905029,0.550000011920929,-19.81999969482422,0,0,1,0,1,Simulation,18
